"file","export_line"
"apps/admin/eslint.config.mjs","export default ["
"apps/admin/src/app/layout.tsx","export const metadata: Metadata = {"
"apps/admin/src/app/layout.tsx","export default function AdminLayout({ children }: { children: React.ReactNode }) {"
"apps/admin/src/app/page.tsx","export default function AdminPage() {"
"apps/api/src/emails/admin-notification.ts","export function getAdminNotificationEmail(user: {"
"apps/api/src/emails/comment-moderation.ts","export function getCommentModerationEmail(input: CommentModerationEmailInput) {"
"apps/api/src/emails/welcome.ts","export function getWelcomeEmail(username: string) {"
"apps/api/src/index.ts","export default {"
"apps/api/src/lib/generateColors.ts","export async function generateMovieColors(tmdbBackdropPath: string): Promise<MovieVisualMetadata> {"
"apps/api/src/server/api/root.ts","export const appRouter = router({"
"apps/api/src/server/api/routers/movies/index.ts","export const movieRouter = router({"
"apps/api/src/server/api/routers/movies/mutations.ts","export async function insertVote(tmdbMovieId: number, visitorId: string, vote: FeedbackVote) {"
"apps/api/src/server/api/routers/movies/mutations.ts","export async function updateVote(tmdbMovieId: number, visitorId: string, vote: FeedbackVote) {"
"apps/api/src/server/api/routers/movies/mutations.ts","export async function updateMovieVisualMetadata("
"apps/api/src/server/api/routers/movies/queries.ts","export type FeedbackVote = 'like' | 'dislike'"
"apps/api/src/server/api/routers/movies/queries.ts","export async function getMovieFeedbackCounts("
"apps/api/src/server/api/routers/movies/queries.ts","export async function getExistingVote(tmdbMovieId: number, visitorId: string) {"
"apps/api/src/server/api/routers/movies/queries.ts","export async function getMovieVisualMetadata(tmdbMovieId: number) {"
"apps/api/src/server/api/routers/movies/service.ts","export function readVisitorId(raw: string | undefined): string | null {"
"apps/api/src/server/api/routers/movies/service.ts","export async function getMovieFeedback(input: GetMovieFeedbackInput): Promise<MovieFeedbackData> {"
"apps/api/src/server/api/routers/movies/service.ts","export async function voteMovieFeedback("
"apps/api/src/server/api/routers/movies/service.ts","export async function ensureMovieVisualMetadata("
"apps/api/src/server/api/routers/users/index.ts","export const userRouter = router({"
"apps/api/src/server/api/routers/users/mutations.ts","export async function insertUser(values: InsertUserValues) {"
"apps/api/src/server/api/routers/users/queries.ts","export async function getUserByEmail(email: string) {"
"apps/api/src/server/api/routers/users/queries.ts","export async function getUserIdByUsername(username: string) {"
"apps/api/src/server/api/routers/users/service.ts","export async function registerUser(data: RegisterUserInput): Promise<RegisterUserResult> {"
"apps/api/src/server/api/routers/users/service.ts","export async function loginUser(data: LoginUserInput): Promise<LoginUserResult> {"
"apps/api/src/server/api/routers/users/service.ts","export async function registerOAuthUser(input: OAuthUserInput): Promise<OAuthUserResult> {"
"apps/api/src/server/context.ts","export const createTRPCContext = () => {"
"apps/api/src/server/context.ts","export type Context = Awaited<ReturnType<typeof createTRPCContext>>"
"apps/api/src/server/trpc.ts","export const router = t.router"
"apps/api/src/server/trpc.ts","export const publicProcedure = t.procedure"
"apps/api/vitest.config.ts","export default defineConfig({"
"apps/web/eslint.config.mjs","export default ["
"apps/web/postcss.config.mjs","export default config"
"apps/web/scripts/create-seo-page.mjs","export const revalidate = ${revalidate}"
"apps/web/scripts/create-seo-page.mjs","export const metadata: Metadata = {"
"apps/web/scripts/create-seo-page.mjs","export default function ${componentName}() {"
"apps/web/scripts/robots-disallow-utils.mjs","export function parseRobotsSource(path, source) {"
"apps/web/scripts/robots-disallow-utils.mjs","export function extractRobotsDisallowLiterals(sourceFile) {"
"apps/web/scripts/seo-consistency-core.mjs","export function policyTokenToRoute(token) {"
"apps/web/scripts/seo-consistency-core.mjs","export function routeToPageFile(appDir, route) {"
"apps/web/scripts/seo-consistency-core.mjs","export function routeToRobotsDisallow(route) {"
"apps/web/scripts/seo-crawl-budget-core.mjs","export function parseRouteQueryKeys(rawHref) {"
"apps/web/scripts/seo-crawl-budget-core.mjs","export function toRouteDepths(startRoute, adjacency, globalTargets = []) {"
"apps/web/scripts/seo-internal-links-core.mjs","export function normalizeRoutePath(path) {"
"apps/web/scripts/seo-internal-links-core.mjs","export function siteUrlTokenToPath(token) {"
"apps/web/scripts/seo-internal-links-core.mjs","export function extractInternalLinkCandidates(source) {"
"apps/web/scripts/seo-internal-links-core.mjs","export function buildInboundGraph(files) {"
"apps/web/scripts/seo-internal-links-core.mjs","export function toStaticRoutePath(appDir, pageFile) {"
"apps/web/scripts/seo-scaffold-core.mjs","export function parseScaffoldSource(path, source) {"
"apps/web/scripts/seo-scaffold-core.mjs","export function pageJsonLdCoverage(ast) {"
"apps/web/scripts/seo-scaffold-core.mjs","export function scaffoldChecksForSource(pathHint, source) {"
"apps/web/scripts/sitemap-urlset-utils.mjs","export async function fetchSitemapUrlsetUrls(options) {"
"apps/web/scripts/ts-ast-utils.mjs","export function parseTsFile(path, source) {"
"apps/web/scripts/ts-ast-utils.mjs","export function walk(node, visit) {"
"apps/web/scripts/ts-ast-utils.mjs","export function isExportedVariable(node, name) {"
"apps/web/scripts/ts-ast-utils.mjs","export function getVariableInitializer(sourceFile, name) {"
"apps/web/scripts/ts-ast-utils.mjs","export function hasExportedFunction(sourceFile, name) {"
"apps/web/scripts/ts-ast-utils.mjs","export function hasCallExpression(sourceFile, calleeNames) {"
"apps/web/scripts/ts-ast-utils.mjs","export function extractStaticRouteTokensFromArray(initializer) {"
"apps/web/src/app/(detail)/layout.tsx","export default function DetailGroupLayout({ children }: { children: ReactNode }) {"
"apps/web/src/app/(detail)/movie/[id]/error.tsx","export default function MovieDetailError({"
"apps/web/src/app/(detail)/movie/[id]/loading.tsx","export default function MovieDetailLoading() {"
"apps/web/src/app/(detail)/movie/[id]/page.tsx","export const revalidate = 3600"
"apps/web/src/app/(detail)/movie/[id]/page.tsx","export async function generateStaticParams() {"
"apps/web/src/app/(detail)/movie/[id]/page.tsx","export async function generateMetadata({ params }: Props): Promise<Metadata> {"
"apps/web/src/app/(detail)/movie/[id]/page.tsx","export default async function MoviePage({ params }: Props) {"
"apps/web/src/app/(site)/about/page.tsx","export const revalidate = 86_400"
"apps/web/src/app/(site)/about/page.tsx","export const metadata: Metadata = {"
"apps/web/src/app/(site)/about/page.tsx","export default function AboutPage() {"
"apps/web/src/app/(site)/accessibility/page.tsx","export const revalidate = 86_400"
"apps/web/src/app/(site)/accessibility/page.tsx","export const metadata: Metadata = {"
"apps/web/src/app/(site)/accessibility/page.tsx","export default function AccessibilityPage() {"
"apps/web/src/app/(site)/cartoon/[id]/page.tsx","export const revalidate = 3600"
"apps/web/src/app/(site)/cartoon/[id]/page.tsx","export const generateMetadata = generateCartoonDetailMetadata"
"apps/web/src/app/(site)/cartoon/[id]/page.tsx","export default async function CartoonDetailPage(props: Props) {"
"apps/web/src/app/(site)/cartoons/page.tsx","export const revalidate = 600"
"apps/web/src/app/(site)/cartoons/page.tsx","export async function generateMetadata({ searchParams }: PageProps): Promise<Metadata> {"
"apps/web/src/app/(site)/cartoons/page.tsx","export default async function CartoonsPage({ searchParams }: PageProps) {"
"apps/web/src/app/(site)/categories/page.tsx","export const metadata: Metadata = {"
"apps/web/src/app/(site)/categories/page.tsx","export default function CategoriesPage() {"
"apps/web/src/app/(site)/contact/page.tsx","export const revalidate = 86_400"
"apps/web/src/app/(site)/contact/page.tsx","export const metadata: Metadata = {"
"apps/web/src/app/(site)/contact/page.tsx","export default function ContactPage() {"
"apps/web/src/app/(site)/cookies/page.tsx","export const revalidate = 86_400"
"apps/web/src/app/(site)/cookies/page.tsx","export const metadata: Metadata = {"
"apps/web/src/app/(site)/cookies/page.tsx","export default function CookiesPage() {"
"apps/web/src/app/(site)/dmca/page.tsx","export const revalidate = 86_400"
"apps/web/src/app/(site)/dmca/page.tsx","export const metadata: Metadata = {"
"apps/web/src/app/(site)/dmca/page.tsx","export default function DmcaPage() {"
"apps/web/src/app/(site)/entity/[slug]/page.tsx","export const revalidate = 0"
"apps/web/src/app/(site)/entity/[slug]/page.tsx","export function generateStaticParams() {"
"apps/web/src/app/(site)/entity/[slug]/page.tsx","export async function generateMetadata({ params }: PageProps): Promise<Metadata> {"
"apps/web/src/app/(site)/entity/[slug]/page.tsx","export default async function EntityPage({ params }: PageProps) {"
"apps/web/src/app/(site)/gdpr/page.tsx","export const revalidate = 86_400"
"apps/web/src/app/(site)/gdpr/page.tsx","export const metadata: Metadata = {"
"apps/web/src/app/(site)/gdpr/page.tsx","export default function GdprPage() {"
"apps/web/src/app/(site)/help/page.tsx","export const revalidate = 86_400"
"apps/web/src/app/(site)/help/page.tsx","export const metadata: Metadata = {"
"apps/web/src/app/(site)/help/page.tsx","export default function HelpPage() {"
"apps/web/src/app/(site)/layout.tsx","export default function SiteGroupLayout({ children }: { children: ReactNode }) {"
"apps/web/src/app/(site)/login/page.tsx","export const metadata: Metadata = {"
"apps/web/src/app/(site)/login/page.tsx","export default function LoginPage() {"
"apps/web/src/app/(site)/movies/category/[genre]/about/error.tsx","export default function MoviesGenreAboutError({ reset }: { error: Error; reset: () => void }) {"
"apps/web/src/app/(site)/movies/category/[genre]/about/loading.tsx","export default function MoviesGenreAboutLoading() {"
"apps/web/src/app/(site)/movies/category/[genre]/about/page.tsx","export const revalidate = 600"
"apps/web/src/app/(site)/movies/category/[genre]/about/page.tsx","export async function generateMetadata({ params }: PageProps): Promise<Metadata> {"
"apps/web/src/app/(site)/movies/category/[genre]/about/page.tsx","export default async function MoviesGenreAboutPage({ params }: PageProps) {"
"apps/web/src/app/(site)/movies/category/[genre]/page.tsx","export const revalidate = 600"
"apps/web/src/app/(site)/movies/category/[genre]/page.tsx","export async function generateMetadata({ params, searchParams }: PageProps): Promise<Metadata> {"
"apps/web/src/app/(site)/movies/category/[genre]/page.tsx","export default async function MoviesGenrePage({ params, searchParams }: PageProps) {"
"apps/web/src/app/(site)/movies/loading.tsx","export default function MoviesLoading() {"
"apps/web/src/app/(site)/movies/page.tsx","export const revalidate = 600"
"apps/web/src/app/(site)/movies/page.tsx","export async function generateMetadata({ searchParams }: PageProps): Promise<Metadata> {"
"apps/web/src/app/(site)/movies/page.tsx","export default async function MoviesPage({ searchParams }: PageProps) {"
"apps/web/src/app/(site)/movies/random/page.tsx","export const metadata: Metadata = {"
"apps/web/src/app/(site)/movies/random/page.tsx","export const revalidate = 3600"
"apps/web/src/app/(site)/movies/random/page.tsx","export default async function RandomMovieRoute() {"
"apps/web/src/app/(site)/notifications/page.tsx","export const metadata: Metadata = {"
"apps/web/src/app/(site)/notifications/page.tsx","export default function NotificationsPage() {"
"apps/web/src/app/(site)/page.tsx","export const revalidate = 900"
"apps/web/src/app/(site)/page.tsx","export const metadata: Metadata = {"
"apps/web/src/app/(site)/page.tsx","export default function HomePage() {"
"apps/web/src/app/(site)/person/[id]/page.tsx","export const revalidate = 3600"
"apps/web/src/app/(site)/person/[id]/page.tsx","export async function generateMetadata({ params }: Props): Promise<Metadata> {"
"apps/web/src/app/(site)/person/[id]/page.tsx","export default async function PersonPage({ params }: Props) {"
"apps/web/src/app/(site)/privacy/page.tsx","export const revalidate = 86_400"
"apps/web/src/app/(site)/privacy/page.tsx","export const metadata: Metadata = {"
"apps/web/src/app/(site)/privacy/page.tsx","export default function PrivacyPage() {"
"apps/web/src/app/(site)/profile/page.tsx","export const metadata: Metadata = {"
"apps/web/src/app/(site)/profile/page.tsx","export default function Profile() {"
"apps/web/src/app/(site)/register/page.tsx","export const metadata: Metadata = {"
"apps/web/src/app/(site)/register/page.tsx","export default function RegisterPage() {"
"apps/web/src/app/(site)/search/page.tsx","export const revalidate = 0"
"apps/web/src/app/(site)/search/page.tsx","export async function generateMetadata({ searchParams }: PageProps): Promise<Metadata> {"
"apps/web/src/app/(site)/search/page.tsx","export default async function SearchPage({ searchParams }: PageProps) {"
"apps/web/src/app/(site)/series/[id]/page.tsx","export const revalidate = 3600"
"apps/web/src/app/(site)/series/[id]/page.tsx","export async function generateStaticParams() {"
"apps/web/src/app/(site)/series/[id]/page.tsx","export function generateMetadata(props: Props) {"
"apps/web/src/app/(site)/series/[id]/page.tsx","export default async function SeriesDetailPage(props: Props) {"
"apps/web/src/app/(site)/series/page.tsx","export const revalidate = 600"
"apps/web/src/app/(site)/series/page.tsx","export async function generateMetadata({ searchParams }: PageProps): Promise<Metadata> {"
"apps/web/src/app/(site)/series/page.tsx","export default async function SeriesPage({ searchParams }: PageProps) {"
"apps/web/src/app/(site)/settings/page.tsx","export const revalidate = 86_400"
"apps/web/src/app/(site)/settings/page.tsx","export const metadata: Metadata = {"
"apps/web/src/app/(site)/settings/page.tsx","export default function SettingsPage() {"
"apps/web/src/app/(site)/terms/page.tsx","export const revalidate = 86_400"
"apps/web/src/app/(site)/terms/page.tsx","export const metadata: Metadata = {"
"apps/web/src/app/(site)/terms/page.tsx","export default function TermsPage() {"
"apps/web/src/app/(site)/trailer/[id]/page.tsx","export const revalidate = 3600"
"apps/web/src/app/(site)/trailer/[id]/page.tsx","export async function generateMetadata({ params }: Props): Promise<Metadata> {"
"apps/web/src/app/(site)/trailer/[id]/page.tsx","export default async function TrailerPage({ params }: Props) {"
"apps/web/src/app/(site)/tvshow/[id]/page.tsx","export const revalidate = 3600"
"apps/web/src/app/(site)/tvshow/[id]/page.tsx","export function generateMetadata(props: Props) {"
"apps/web/src/app/(site)/tvshow/[id]/page.tsx","export default async function TvshowDetailPage(props: Props) {"
"apps/web/src/app/(site)/tvshows/[id]/page.tsx","export const revalidate = 3600"
"apps/web/src/app/(site)/tvshows/[id]/page.tsx","export function generateMetadata(props: Props) {"
"apps/web/src/app/(site)/tvshows/[id]/page.tsx","export default async function TvshowsDetailPage(props: Props) {"
"apps/web/src/app/(site)/tvshows/page.tsx","export const revalidate = 600"
"apps/web/src/app/(site)/tvshows/page.tsx","export async function generateMetadata({ searchParams }: PageProps): Promise<Metadata> {"
"apps/web/src/app/(site)/tvshows/page.tsx","export default async function TvShowsPage({ searchParams }: PageProps) {"
"apps/web/src/app/(site)/ui-kit/layout.tsx","export default function UiKitLayout({ children }: { children: React.ReactNode }) {"
"apps/web/src/app/(site)/ui-kit/page.tsx","export const metadata: Metadata = {"
"apps/web/src/app/(site)/ui-kit/page.tsx","export default function UiKitPage() {"
"apps/web/src/app/(site)/watchlist/page.tsx","export const metadata: Metadata = {"
"apps/web/src/app/(site)/watchlist/page.tsx","export default function WatchlistRoute() {"
"apps/web/src/app/_shells/DetailShell.tsx","export function DetailShell({ children }: DetailShellProps) {"
"apps/web/src/app/_shells/SiteShell.tsx","export function SiteShell({ children }: SiteShellProps) {"
"apps/web/src/app/api/auth/[...nextauth]/route.ts","export { handler as GET, handler as POST }"
"apps/web/src/app/api/cartoons-discover/route.ts","export async function GET(request: NextRequest) {"
"apps/web/src/app/api/discover/route.ts","export async function GET(request: NextRequest) {"
"apps/web/src/app/api/random-movie/route.ts","export async function GET(request: NextRequest) {"
"apps/web/src/app/api/revalidate/route.ts","export function POST(request: NextRequest) {"
"apps/web/src/app/api/revalidate/route.ts","export function GET() {"
"apps/web/src/app/api/search/route.ts","export async function GET(request: NextRequest) {"
"apps/web/src/app/api/seo/indexnow/route.ts","export const runtime = 'nodejs'"
"apps/web/src/app/api/seo/indexnow/route.ts","export async function POST(request: NextRequest) {"
"apps/web/src/app/api/series-discover/route.ts","export async function GET(request: NextRequest) {"
"apps/web/src/app/api/tv/[id]/season/[seasonNumber]/route.ts","export async function GET(_request: Request, { params }: Params) {"
"apps/web/src/app/api/tv/[id]/seasons/route.ts","export async function GET(request: Request, { params }: Params) {"
"apps/web/src/app/api/tvshows-discover/route.ts","export async function GET(request: NextRequest) {"
"apps/web/src/app/api/watchlist-items/route.ts","export async function POST(request: NextRequest) {"
"apps/web/src/app/api/watchlist-movies/route.ts","export async function GET(request: NextRequest) {"
"apps/web/src/app/error.tsx","export default function GlobalError({"
"apps/web/src/app/icon.tsx","export const contentType = 'image/png'"
"apps/web/src/app/icon.tsx","export const size = {"
"apps/web/src/app/icon.tsx","export default function Icon() {"
"apps/web/src/app/indexnow-key/route.ts","export const runtime = 'nodejs'"
"apps/web/src/app/indexnow-key/route.ts","export function GET() {"
"apps/web/src/app/layout.tsx","export const metadata: Metadata = {"
"apps/web/src/app/layout.tsx","export default async function SiteRootLayout({ children }: { children: React.ReactNode }) {"
"apps/web/src/app/llms.txt/route.ts","export function GET(): Response {"
"apps/web/src/app/loading.tsx","export default function Loading() {"
"apps/web/src/app/manifest.ts","export default function manifest(): MetadataRoute.Manifest {"
"apps/web/src/app/not-found.tsx","export const metadata: Metadata = {"
"apps/web/src/app/not-found.tsx","export default function NotFound() {"
"apps/web/src/app/opengraph-image.tsx","export const runtime = 'edge'"
"apps/web/src/app/opengraph-image.tsx","export const alt = 'MegDB — Movies, Series, Cartoons & TV Shows'"
"apps/web/src/app/opengraph-image.tsx","export const size = { width: 1200, height: 630 }"
"apps/web/src/app/opengraph-image.tsx","export const contentType = 'image/png'"
"apps/web/src/app/opengraph-image.tsx","export default function OpengraphImage() {"
"apps/web/src/app/robots.ts","export default function robots(): MetadataRoute.Robots {"
"apps/web/src/app/sitemap.ts","export const revalidate = 3600"
"apps/web/src/app/sitemap.ts","export async function generateSitemaps() {"
"apps/web/src/app/sitemap.ts","export default async function sitemap({ id }: { id: number }): Promise<MetadataRoute.Sitemap> {"
"apps/web/src/app/twitter-image.tsx","export const runtime = 'edge'"
"apps/web/src/app/twitter-image.tsx","export const alt = 'MegDB — Movies, Series, Cartoons & TV Shows'"
"apps/web/src/app/twitter-image.tsx","export const size = { width: 1200, height: 630 }"
"apps/web/src/app/twitter-image.tsx","export const contentType = 'image/png'"
"apps/web/src/app/twitter-image.tsx","export { default } from './opengraph-image'"
"apps/web/src/classes/index.ts","export {"
"apps/web/src/components/AppChrome/AppChrome.tsx","export function AppChrome({ children }: AppChromeProps) {"
"apps/web/src/components/AppChrome/DetailAppChrome.tsx","export function DetailAppChrome({ children }: DetailAppChromeProps) {"
"apps/web/src/components/BackToTop/BackToTop.tsx","export function BackToTop() {"
"apps/web/src/components/CardsGrid/CardsGrid.tsx","export function CardsGrid({ children, columns = 'md', gap = 'md', className }: CardsGridProps) {"
"apps/web/src/components/CountrySelect/CountrySelect.tsx","export function CountrySelect({ value, onChange, disabled, countries }: CountrySelectProps) {"
"apps/web/src/components/DeferredAppChrome/DeferredAppChrome.tsx","export function DeferredRippleScroll() {"
"apps/web/src/components/DeferredAppChrome/DeferredAppChrome.tsx","export function DeferredBackToTop() {"
"apps/web/src/components/DesignThemeProvider/DesignThemeProvider.tsx","export function DesignThemeProvider(): null {"
"apps/web/src/components/EmptyState/EmptyState.tsx","export function EmptyState({"
"apps/web/src/components/FadeInView/FadeInView.tsx","export function FadeInView({ children, className, as: Tag = 'div' }: FadeInViewProps) {"
"apps/web/src/components/Footer/Footer.tsx","export function Footer() {"
"apps/web/src/components/Footer/FooterClient.tsx","export function FooterSpotlight() {"
"apps/web/src/components/Footer/FooterClient.tsx","export function CountUp({ target, suffix = '', duration = 1800 }: CountUpProps) {"
"apps/web/src/components/Footer/FooterClient.tsx","export function MagneticLink({ children, className, href, label }: MagneticProps) {"
"apps/web/src/components/Footer/FooterClient.tsx","export function ActiveNavLink({"
"apps/web/src/components/Footer/FooterClient.tsx","export function NewsletterForm() {"
"apps/web/src/components/Footer/FooterClient.tsx","export function LastUpdated() {"
"apps/web/src/components/Header/Header.tsx","export function Header() {"
"apps/web/src/components/Header/HeaderExtras.tsx","export function HeaderBreadcrumb() {"
"apps/web/src/components/Header/HeaderExtras.tsx","export function HeaderContextTint({ onTintChange }: HeaderContextTintProps) {"
"apps/web/src/components/Header/HeaderExtras.tsx","export function useNavKeyboard(navRef: React.RefObject<HTMLElement | null>) {"
"apps/web/src/components/Header/drawerSearch.utils.ts","export function getNextSelectionIndex("
"apps/web/src/components/Header/drawerSearch.utils.ts","export function hasLikelySessionCookie(cookieString: string): boolean {"
"apps/web/src/components/HeroSection/HeroSection.tsx","export function HeroSection({ slides }: HeroSectionProps) {"
"apps/web/src/components/HomeDiscoverShelves/HomeDiscoverShelves.tsx","export async function HomeDiscoverShelves({ className }: HomeDiscoverShelvesProps) {"
"apps/web/src/components/HomeDiscoverShelves/HomeShelvesFallback.tsx","export function HomeShelvesFallback({ className }: HomeShelvesFallbackProps) {"
"apps/web/src/components/HomeLcpPreloadLinks.tsx","export function HomeLcpPreloadLinks({ heroSlides, shelfFallbacks }: Props) {"
"apps/web/src/components/LegalDocument/LegalDocument.tsx","export function LegalNote({ children }: { children: ReactNode }) {"
"apps/web/src/components/LegalDocument/LegalDocument.tsx","export function LegalDocument({ title, lastUpdated, children }: LegalDocumentProps) {"
"apps/web/src/components/LoginForm/LoginForm.tsx","export function LoginForm() {"
"apps/web/src/components/MediaCard/MediaCard.tsx","export function MediaCard({"
"apps/web/src/components/MediaShelf/MediaShelf.tsx","export function MediaShelf({"
"apps/web/src/components/MediaShelf/MediaShelfSkeletonLight.tsx","export function MediaShelfSkeletonLight({ count = 10 }: MediaShelfSkeletonLightProps) {"
"apps/web/src/components/MosaicHeroLcpPreload.tsx","export function MosaicHeroLcpPreload({ href }: { href: string | undefined | null }) {"
"apps/web/src/components/MovieDetailPage/HeroLcpPreloadLinks.tsx","export function HeroLcpPreloadLinks({ posterPath, backdropPath }: Props) {"
"apps/web/src/components/MovieDetailPage/MovieCastSection.tsx","export function MovieCastSection({ cast, title = 'Cast' }: Props) {"
"apps/web/src/components/MovieDetailPage/MovieCollectionSection.tsx","export function MovieCollectionSection({ title, parts, mediaKind = 'movie' }: Props) {"
"apps/web/src/components/MovieDetailPage/MovieComments.tsx","export { MovieComments }"
"apps/web/src/components/MovieDetailPage/MovieComments.tsx","export default MovieComments"
"apps/web/src/components/MovieDetailPage/MovieCommentsRoot.client.tsx","export function MovieCommentsRoot({ tmdbMovieId, movieTitle, mediaKind }: MovieCommentsRootProps) {"
"apps/web/src/components/MovieDetailPage/MovieDetailBelowFoldDynamics.tsx","export function MovieDetailBelowFoldSuspenseFallback() {"
"apps/web/src/components/MovieDetailPage/MovieDetailBelowFoldDynamics.tsx","export const MovieTrailerBlockLazy = dynamic("
"apps/web/src/components/MovieDetailPage/MovieDetailBelowFoldDynamics.tsx","export const MoviePhotosSectionLazy = dynamic("
"apps/web/src/components/MovieDetailPage/MovieDetailBelowFoldDynamics.tsx","export const MovieCastSectionLazy = dynamic("
"apps/web/src/components/MovieDetailPage/MovieDetailBelowFoldDynamics.tsx","export const MovieFaqAccordionLazy = dynamic("
"apps/web/src/components/MovieDetailPage/MovieDetailBelowFoldDynamics.tsx","export const MovieCollectionSectionLazy = dynamic("
"apps/web/src/components/MovieDetailPage/MovieDetailPage.tsx","export interface MovieDetailPageNav {"
"apps/web/src/components/MovieDetailPage/MovieDetailPage.tsx","export function MovieDetailPage({"
"apps/web/src/components/MovieDetailPage/MovieDetailPageLite.tsx","export function MovieDetailPageLite({"
"apps/web/src/components/MovieDetailPage/MovieDetailStreamedBelowFold.tsx","export async function MovieDetailStreamedBelowFold({"
"apps/web/src/components/MovieDetailPage/MovieDetailTvDynamics.tsx","export const TvSeriesEpisodesLazy = dynamic("
"apps/web/src/components/MovieDetailPage/MovieFaqAccordion.tsx","export type MovieFaqItem = {"
"apps/web/src/components/MovieDetailPage/MovieFaqAccordion.tsx","export function MovieFaqAccordion({ items, movieTitle }: Props) {"
"apps/web/src/components/MovieDetailPage/MovieHeroBackdropCarousel.tsx","export function MovieHeroCarouselProvider({"
"apps/web/src/components/MovieDetailPage/MovieHeroBackdropCarousel.tsx","export function MovieHeroCarouselBackdrop({ slideImageClassName }: MovieHeroCarouselBackdropProps) {"
"apps/web/src/components/MovieDetailPage/MovieHeroBackdropImage.tsx","export function MovieHeroBackdropImage({"
"apps/web/src/components/MovieDetailPage/MovieHeroTrailerActions.tsx","export function MovieHeroTrailerActions({"
"apps/web/src/components/MovieDetailPage/MovieOverviewBlock.tsx","export function MovieOverviewBlock({ text }: MovieOverviewBlockProps) {"
"apps/web/src/components/MovieDetailPage/MoviePhotosSection.client.tsx","export function MoviePhotosSectionClient({"
"apps/web/src/components/MovieDetailPage/MoviePhotosSection.tsx","export function MoviePhotosSection({ images, title }: Props) {"
"apps/web/src/components/MovieDetailPage/MoviePrimaryRatingsRow.tsx","export function MoviePrimaryRatingsRow({"
"apps/web/src/components/MovieDetailPage/MoviePrimarySummaryActions.tsx","export function MoviePrimarySummaryActions({"
"apps/web/src/components/MovieDetailPage/MoviePrimarySummaryPanel.tsx","export function MoviePrimarySummaryPanel({"
"apps/web/src/components/MovieDetailPage/MovieShareButton.tsx","export function MovieShareButton({ title, className, unstyled, icon, iconOnly }: Props) {"
"apps/web/src/components/MovieDetailPage/MovieSimilarRailCard.tsx","export function MovieSimilarRailCard({ item, href }: MovieSimilarRailCardProps) {"
"apps/web/src/components/MovieDetailPage/MovieTrailerBlock.client.tsx","export function MovieTrailerBlockClient({"
"apps/web/src/components/MovieDetailPage/MovieTrailerBlock.tsx","export function MovieTrailerBlock({ videoKey, embedTitle, boxClassName }: MovieTrailerBlockProps) {"
"apps/web/src/components/MovieDetailPage/MovieUserRatingCard.tsx","export function MovieUserRatingCard({"
"apps/web/src/components/MovieDetailPage/MovieWatchProvidersPanel.tsx","export function MovieWatchProvidersPanel({ providers, movieTitle, className }: Props) {"
"apps/web/src/components/MovieDetailPage/TmdbLogoMark.tsx","export function TmdbLogoMark({ className }: TmdbLogoMarkProps) {"
"apps/web/src/components/MovieDetailPage/movieTrailerEvents.ts","export const OPEN_MOVIE_TRAILER_EVENT = 'megdb:open-movie-trailer'"
"apps/web/src/components/MoviesDiscoverPage/MoviesDiscoverPage.tsx","export function MoviesDiscoverPage({"
"apps/web/src/components/NavigationProgress/NavigationProgress.tsx","export function NavigationProgress() {"
"apps/web/src/components/PerformanceMonitor/PerformanceMonitor.tsx","export function PerformanceMonitor() {"
"apps/web/src/components/PerformanceMonitor/PerformanceMonitorClient.tsx","export function PerformanceMonitorClient() {"
"apps/web/src/components/PersonFilmography/PersonFilmography.tsx","export function PersonFilmography({ credits }: { credits: PersonCreditRowRaw[] }) {"
"apps/web/src/components/PersonFilmography/PersonFilmographyStream.tsx","export async function PersonFilmographyStream({ personId }: { personId: number }) {"
"apps/web/src/components/PersonPhotosRail/PersonPhotosRail.tsx","export function PersonPhotosRail({ personName, images }: PersonPhotosRailProps) {"
"apps/web/src/components/PopularActorsShelf/PopularActorsShelf.tsx","export function PopularActorsShelf({ actors }: PopularActorsShelfProps) {"
"apps/web/src/components/ProfilePage/ProfilePage.tsx","export function ProfilePage() {"
"apps/web/src/components/Providers/SessionProvider.tsx","export function SessionProvider({ children }: SessionProviderProps) {"
"apps/web/src/components/RandomMoviePage/RandomMoviePage.tsx","export function RandomMoviePage({ genres }: RandomMoviePageProps) {"
"apps/web/src/components/RegisterForm/RegisterForm.tsx","export function RegisterForm() {"
"apps/web/src/components/Ripple/Ripple.tsx","export function Ripple() {"
"apps/web/src/components/ScrollProgressBar/ScrollProgressBar.tsx","export function ScrollProgressBar() {"
"apps/web/src/components/SearchBar/SearchBar.tsx","export function SearchBar({ onFocus, onBlur, autoFocus }: SearchBarProps) {"
"apps/web/src/components/SearchPage/SearchPageClient.tsx","export function SearchPageClient({ initialQuery }: { initialQuery: string }) {"
"apps/web/src/components/ServiceWorkerRegistration.tsx","export function ServiceWorkerRegistration() {"
"apps/web/src/components/ShelfRevealShell/ShelfRevealShell.tsx","export function ShelfRevealShell({"
"apps/web/src/components/Toast/Toast.tsx","export function useToast(): ToastContextValue {"
"apps/web/src/components/Toast/Toast.tsx","export function ToastProvider({ children }: { children: ReactNode }) {"
"apps/web/src/components/TvSeriesEpisodes/TvSeriesEpisodes.tsx","export function TvSeriesEpisodes({ seriesId, seriesTitle }: TvSeriesEpisodesProps) {"
"apps/web/src/components/WatchlistPage/WatchlistPage.tsx","export function WatchlistPage() {"
"apps/web/src/components/WebPageJsonLd/WebPageJsonLd.tsx","export function WebPageJsonLd({"
"apps/web/src/hooks/usePerformanceMonitor.ts","export function usePerformanceMonitor() {"
"apps/web/src/hooks/usePrefersReducedMotion.ts","export function usePrefersReducedMotion(): boolean {"
"apps/web/src/lib/auth-client.ts","export interface User {"
"apps/web/src/lib/auth-client.ts","export function parseStoredUser(v: unknown): User | null {"
"apps/web/src/lib/auth-client.ts","export function saveUser(user: User) {"
"apps/web/src/lib/auth-client.ts","export function getUser(): User | null {"
"apps/web/src/lib/auth-client.ts","export function clearUser() {"
"apps/web/src/lib/blurhashToDataUrl.ts","export function blurHashToDataUrl("
"apps/web/src/lib/cachePolicy.ts","export const ROUTE_REVALIDATE_SEARCH_DYNAMIC = 0"
"apps/web/src/lib/cachePolicy.ts","export const ROUTE_REVALIDATE_DISCOVER_HUB = 600"
"apps/web/src/lib/cachePolicy.ts","export const ROUTE_REVALIDATE_HOME = 900"
"apps/web/src/lib/cachePolicy.ts","export const ROUTE_REVALIDATE_MEDIA_DETAIL = 3600"
"apps/web/src/lib/cachePolicy.ts","export const ROUTE_REVALIDATE_SITEMAP = 3600"
"apps/web/src/lib/cachePolicy.ts","export const ROUTE_REVALIDATE_STATIC_COPY = 86_400"
"apps/web/src/lib/cachePolicy.ts","export const FETCH_REVALIDATE_DEFAULT = 3600"
"apps/web/src/lib/cachePolicy.ts","export const FETCH_REVALIDATE_FAST = 900"
"apps/web/src/lib/cachePolicy.ts","export const FETCH_REVALIDATE_MODERATE = 1800"
"apps/web/src/lib/cachePolicy.ts","export const FETCH_REVALIDATE_PEOPLE = 3600"
"apps/web/src/lib/cachePolicy.ts","export const FETCH_REVALIDATE_ALL_TIME = 86_400"
"apps/web/src/lib/cachePolicy.ts","export const FETCH_REVALIDATE_ENRICHMENT = 86_400"
"apps/web/src/lib/cachePolicy.ts","export const FETCH_REVALIDATE_RANDOM_MOVIE = 300"
"apps/web/src/lib/cachePolicy.ts","export const CACHE_TAG_TRENDING = 'tmdb-trending'"
"apps/web/src/lib/cachePolicy.ts","export const CACHE_TAG_HOME_MODERATE = 'tmdb-home-moderate'"
"apps/web/src/lib/cachePolicy.ts","export const CACHE_TAG_ALL_TIME = 'tmdb-all-time'"
"apps/web/src/lib/cachePolicy.ts","export const CACHE_TAG_PEOPLE = 'tmdb-people'"
"apps/web/src/lib/cachePolicy.ts","export const CACHE_TAG_DISCOVER_MOVIES = 'tmdb-discover-movies'"
"apps/web/src/lib/cachePolicy.ts","export const CACHE_TAG_MOVIES = 'movies'"
"apps/web/src/lib/cachePolicy.ts","export const CACHE_TAG_DISCOVER_TV = 'tmdb-discover-tv'"
"apps/web/src/lib/cachePolicy.ts","export function cacheTagMovie(id: number): string {"
"apps/web/src/lib/cachePolicy.ts","export function cacheTagTv(id: number): string {"
"apps/web/src/lib/cachePolicy.ts","export function cacheTagPerson(id: number): string {"
"apps/web/src/lib/canonicalQuery.ts","export function buildCanonicalPath("
"apps/web/src/lib/cartoonDetailRoute.tsx","export async function generateCartoonDetailMetadata({ params }: Props): Promise<Metadata> {"
"apps/web/src/lib/cartoonDetailRoute.tsx","export async function CartoonDetailPageApp({ params }: Props) {"
"apps/web/src/lib/cartoonsDiscoverCopy.ts","export function getCartoonsDiscoverHeroLead("
"apps/web/src/lib/cartoonsDiscoverCopy.ts","export function getCartoonsDiscoverDescription("
"apps/web/src/lib/cartoonsDiscoverCopy.ts","export function getCartoonsDiscoverTitle("
"apps/web/src/lib/cartoonsDiscoverCopy.ts","export function getCartoonsDiscoverCanonicalPath("
"apps/web/src/lib/cartoonsDiscoverCopy.ts","export function getCartoonsDiscoverKeywords("
"apps/web/src/lib/deviceTier.ts","export function deviceTierFromSignals("
"apps/web/src/lib/deviceTier.ts","export function detectDeviceTier(): DeviceTier {"
"apps/web/src/lib/deviceTier.ts","export function shouldEnableEffect(effect: string, tier: DeviceTier): boolean {"
"apps/web/src/lib/deviceTier.ts","export function effectsForTier(tier: DeviceTier): readonly string[] {"
"apps/web/src/lib/discoverCopyHelpers.ts","export const EPISODE_RUNTIME_BUCKET_LABELS: Record<string, string> = {"
"apps/web/src/lib/discoverCopyHelpers.ts","export const MOVIE_RUNTIME_BUCKET_LABELS: Record<string, string> = {"
"apps/web/src/lib/discoverCopyHelpers.ts","export function formatDiscoverLanguageCode(code: string): string {"
"apps/web/src/lib/discoverCopyHelpers.ts","export function formatDiscoverRegionCode(code: string): string {"
"apps/web/src/lib/discoverCopyHelpers.ts","export function formatDiscoverSortHuman(sortParam: string): string {"
"apps/web/src/lib/entitySearch.ts","export function buildEntitySearchHref(raw: string): string | null {"
"apps/web/src/lib/entitySearch.ts","export function entityCanonicalSlug(raw: string): string | null {"
"apps/web/src/lib/entitySearch.ts","export function entityQueryFromSlug(slug: string): string | null {"
"apps/web/src/lib/entitySearch.ts","export function buildEntityCanonicalHref(raw: string): string | null {"
"apps/web/src/lib/imageSizes.ts","export const PERSON_PROFILE_IMAGE_TMDB_SIZE = 'w342' as const"
"apps/web/src/lib/imageSizes.ts","export const PERSON_PROFILE_IMAGE_SIZES = '(max-width: 767px) 32vw, (max-width: 1279px) 18vw, 148px'"
"apps/web/src/lib/indexnowPipeline.ts","export function normalizeAndDedupeUrls(urls: string[]): string[] {"
"apps/web/src/lib/indexnowPipeline.ts","export async function runIndexNowPipeline("
"apps/web/src/lib/jsonLdEntity.ts","export function jsonLdMainEntityId(canonicalPath: string): string {"
"apps/web/src/lib/jsonLdEntity.ts","export function jsonLdYoutubeVideoId(youtubeKey: string): string {"
"apps/web/src/lib/jsonLdEntity.ts","export function jsonLdSameAsTmdb(opts: {"
"apps/web/src/lib/jsonLdEntity.ts","export function jsonLdSameAsPerson(opts: {"
"apps/web/src/lib/jsonLdPerson.ts","export function buildJsonLdPerson(person: PersonPageDetail, canonicalPath: string) {"
"apps/web/src/lib/jsonLdSite.ts","export function buildHomeStructuredData(opts: { pageName: string; pageDescription: string }) {"
"apps/web/src/lib/jsonLdSite.ts","export function buildAboutOrganizationStructuredData() {"
"apps/web/src/lib/jsonLdSite.ts","export function buildCollectionPageStructuredData("
"apps/web/src/lib/jsonLdSite.ts","export function buildSiteHubBreadcrumbJsonLd(opts: {"
"apps/web/src/lib/jsonLdSite.ts","export function buildWebPageJsonLd(opts: { name: string; description: string; pathname: string }) {"
"apps/web/src/lib/localWatchlist.ts","export interface LocalWatchlistItem {"
"apps/web/src/lib/localWatchlist.ts","export function getLocalWatchlistItems(): LocalWatchlistItem[] {"
"apps/web/src/lib/localWatchlist.ts","export function isInLocalWatchlist(mediaType: MediaType, mediaId: number): boolean {"
"apps/web/src/lib/localWatchlist.ts","export function toggleLocalWatchlistItem(input: {"
"apps/web/src/lib/localWatchlist.ts","export function removeLocalWatchlistItems("
"apps/web/src/lib/localWatchlist.ts","export function clearLocalWatchlist(): void {"
"apps/web/src/lib/localWatchlist.ts","export function toggleLocalWatchlistPinned(mediaType: MediaType, mediaId: number): boolean {"
"apps/web/src/lib/localWatchlist.ts","export function moveLocalWatchlistItem("
"apps/web/src/lib/movieGenreHubContent.ts","export function getMovieGenreHubContent("
"apps/web/src/lib/movieGenreRoute.ts","export function movieGenreIdToSlug(id: string): string | undefined {"
"apps/web/src/lib/movieGenreRoute.ts","export function movieGenreSlugToId(slug: string): string | undefined {"
"apps/web/src/lib/movieGenreRoute.ts","export function movieGenrePathById(id: string): string | undefined {"
"apps/web/src/lib/moviePageDataCache.ts","export const getMoviePageDataShellCached = cache(getMoviePageDataShell)"
"apps/web/src/lib/moviePageDataCache.ts","export const getTvPageDataShellCached = cache(getTvPageDataShell)"
"apps/web/src/lib/moviesDiscoverCopy.ts","export function getMoviesDiscoverHeroLead("
"apps/web/src/lib/moviesDiscoverCopy.ts","export function getMoviesDiscoverDescription("
"apps/web/src/lib/moviesDiscoverCopy.ts","export function getMoviesDiscoverTitle("
"apps/web/src/lib/moviesDiscoverCopy.ts","export function getMoviesDiscoverCanonicalPath("
"apps/web/src/lib/moviesDiscoverCopy.ts","export function getMoviesDiscoverKeywords("
"apps/web/src/lib/personCredits.ts","export function personCreditDetailPath(row: PersonCreditRowRaw): string {"
"apps/web/src/lib/personPageDataCache.ts","export const getPersonCreditsCached = cache(getPersonCombinedCredits)"
"apps/web/src/lib/personPageDataCache.ts","export const getPersonImagesCached = cache(getPersonImages)"
"apps/web/src/lib/posterFaceFocalPoint.ts","export type PosterFocalPercent = { x: number; y: number }"
"apps/web/src/lib/posterFaceFocalPoint.ts","export async function detectPosterFocalPoint("
"apps/web/src/lib/rateLimit.ts","export function checkRateLimit("
"apps/web/src/lib/rateLimit.ts","export function getRequestIp(request: { headers: Headers }): string {"
"apps/web/src/lib/seoFreshness.ts","export const SEO_PUBLISHER_NAME = 'MegDB Editorial'"
"apps/web/src/lib/seoFreshness.ts","export const SEO_CONTACT_EMAIL = 'support@megdb.com'"
"apps/web/src/lib/seoFreshness.ts","export const SEO_FOUNDED_DATE = '2024-01-01'"
"apps/web/src/lib/seoFreshness.ts","export const SEO_LAST_REVIEWED_AT = '2026-04-24T00:00:00.000Z'"
"apps/web/src/lib/seoFreshness.ts","export const SEO_KNOWS_ABOUT = ["
"apps/web/src/lib/seoSnippetTemplates.ts","export function buildEntitySnippetTemplate(input: EntitySnippetInput): SnippetTemplateResult {"
"apps/web/src/lib/seoSnippetTemplates.ts","export function buildGenreHubSnippetTemplate(input: GenreSnippetInput): SnippetTemplateResult {"
"apps/web/src/lib/seoSnippetTemplates.ts","export function buildDiscoverHubSnippetTemplate("
"apps/web/src/lib/seoSnippetTemplates.ts","export function buildSearchSnippetTemplate(input: SearchSnippetInput): SnippetTemplateResult {"
"apps/web/src/lib/seoSocial.ts","export function discoverPageAlternates(canonicalPath: string): NonNullable<Metadata['alternates']> {"
"apps/web/src/lib/seoSocial.ts","export function discoverSocialMeta("
"apps/web/src/lib/seoTitles.ts","export function buildWatchSeoTitle("
"apps/web/src/lib/seriesDiscoverCopy.ts","export function getSeriesDiscoverHeroLead("
"apps/web/src/lib/seriesDiscoverCopy.ts","export function getSeriesDiscoverDescription("
"apps/web/src/lib/seriesDiscoverCopy.ts","export function getSeriesDiscoverTitle("
"apps/web/src/lib/seriesDiscoverCopy.ts","export function getSeriesDiscoverCanonicalPath("
"apps/web/src/lib/seriesDiscoverCopy.ts","export function getSeriesDiscoverKeywords("
"apps/web/src/lib/site.ts","export const SITE_URL = normalizeSiteUrl(process.env.NEXT_PUBLIC_SITE_URL)"
"apps/web/src/lib/sitemapDiscoverUrls.ts","export async function fetchDiscoverUrlsForSitemap(): Promise<MetadataRoute.Sitemap> {"
"apps/web/src/lib/sitemapUtils.ts","export function chunkSitemapEntries("
"apps/web/src/lib/sitemapUtils.ts","export function toSitemapIds(totalChunks: number): Array<{ id: number }> {"
"apps/web/src/lib/slug.ts","export function moviePath(title: string, releaseDate?: string | null): string {"
"apps/web/src/lib/slug.ts","export function cartoonPath(title: string, releaseDate?: string | null): string {"
"apps/web/src/lib/slug.ts","export function seriesPath(title: string, firstAirDate?: string | null): string {"
"apps/web/src/lib/slug.ts","export type DetailMediaKind = 'movie' | 'series' | 'tvshow' | 'cartoon'"
"apps/web/src/lib/slug.ts","export function detailPathForMedia("
"apps/web/src/lib/slug.ts","export function releaseDateToYmd(d: Date | string | null | undefined): string | null {"
"apps/web/src/lib/slug.ts","export function detailPathForShelfItem(item: {"
"apps/web/src/lib/slug.ts","export function personPath(id: number, name: string): string {"
"apps/web/src/lib/slug.ts","export function resolvePersonIdFromParam(raw: string): number | null {"
"apps/web/src/lib/slug.ts","export async function resolveMovieIdFromParam(raw: string): Promise<number | null> {"
"apps/web/src/lib/slug.ts","export async function resolveTvSeriesIdFromParam(raw: string): Promise<number | null> {"
"apps/web/src/lib/textScript.ts","export function containsCyrillic(text: string): boolean {"
"apps/web/src/lib/tmdb.ts","export interface HeroItem {"
"apps/web/src/lib/tmdb.ts","export interface ShelfItem {"
"apps/web/src/lib/tmdb.ts","export function getImageUrl(path: string | null | undefined, size = 'w500'): string {"
"apps/web/src/lib/tmdb.ts","export const COMING_BLOCKBUSTER_MOVIE_VOTE_MIN = 120"
"apps/web/src/lib/tmdb.ts","export const COMING_BLOCKBUSTER_TV_VOTE_MIN = 70"
"apps/web/src/lib/tmdb.ts","export function isMainstreamTrendingMovie("
"apps/web/src/lib/tmdb.ts","export function applyTrendingRecencyBias("
"apps/web/src/lib/tmdb.ts","export function compareShelfItemsByUpcomingReleaseAsc(a: ShelfItem, b: ShelfItem): number {"
"apps/web/src/lib/tmdb.ts","export async function searchMovies(query: string, year?: number | null): Promise<TmdbRawMedia[]> {"
"apps/web/src/lib/tmdb.ts","export async function searchTvShows(query: string, year?: number | null): Promise<TmdbRawMedia[]> {"
"apps/web/src/lib/tmdb.ts","export function buildWatchProviderUrl("
"apps/web/src/lib/tmdb.ts","export interface MoviePageCastMember {"
"apps/web/src/lib/tmdb.ts","export interface MoviePageCardItem {"
"apps/web/src/lib/tmdb.ts","export interface MovieWatchProvidersUs {"
"apps/web/src/lib/tmdb.ts","export interface MovieBackdropStill {"
"apps/web/src/lib/tmdb.ts","export interface MoviePageDetail {"
"apps/web/src/lib/tmdb.ts","export interface MoviePageDetailTailInput {"
"apps/web/src/lib/tmdb.ts","export async function getMoviePageDataTailMovie("
"apps/web/src/lib/tmdb.ts","export async function getTvPageDataTailTv("
"apps/web/src/lib/tmdb.ts","export async function getMoviePageDataShell(id: number): Promise<MoviePageDetail | null> {"
"apps/web/src/lib/tmdb.ts","export async function getTvPageDataShell(id: number): Promise<MoviePageDetail | null> {"
"apps/web/src/lib/tmdb.ts","export async function getHeroItems(): Promise<HeroItem[]> {"
"apps/web/src/lib/tmdb.ts","export async function getBestOf2026(): Promise<ShelfItem[]> {"
"apps/web/src/lib/tmdb.ts","export async function getTrendingNow(): Promise<ShelfItem[]> {"
"apps/web/src/lib/tmdb.ts","export async function getNewReleases(): Promise<ShelfItem[]> {"
"apps/web/src/lib/tmdb.ts","export async function getAcclaimedRecentMovies(limit = 20): Promise<ShelfItem[]> {"
"apps/web/src/lib/tmdb.ts","export async function getBestMoviesAllTime(): Promise<ShelfItem[]> {"
"apps/web/src/lib/tmdb.ts","export async function getBestSeriesAllTime(): Promise<ShelfItem[]> {"
"apps/web/src/lib/tmdb.ts","export interface PopularActorItem {"
"apps/web/src/lib/tmdb.ts","export async function getPopularActors(limit = 100): Promise<PopularActorItem[]> {"
"apps/web/src/lib/tmdb.ts","export interface PersonPageDetail {"
"apps/web/src/lib/tmdb.ts","export async function getPersonPageData(id: number): Promise<PersonPageDetail | null> {"
"apps/web/src/lib/tmdb.ts","export interface PersonCreditRowRaw {"
"apps/web/src/lib/tmdb.ts","export interface PersonImageRow {"
"apps/web/src/lib/tmdb.ts","export async function getPersonImages(personId: number): Promise<PersonImageRow[]> {"
"apps/web/src/lib/tmdb.ts","export async function getPersonCombinedCredits(personId: number): Promise<PersonCreditRowRaw[]> {"
"apps/web/src/lib/tmdb.ts","export async function getTrendingPeopleForSitemap(limit = 48): Promise<PopularActorItem[]> {"
"apps/web/src/lib/tmdb.ts","export interface TmdbGenreListItem {"
"apps/web/src/lib/tmdb.ts","export async function getMovieGenresList(): Promise<TmdbGenreListItem[]> {"
"apps/web/src/lib/tmdb.ts","export interface WatchProviderListItem {"
"apps/web/src/lib/tmdb.ts","export interface TmdbStudioListItem {"
"apps/web/src/lib/tmdb.ts","export async function getWatchProvidersMovieList(): Promise<WatchProviderListItem[]> {"
"apps/web/src/lib/tmdb.ts","export async function getWatchProvidersTvList(): Promise<WatchProviderListItem[]> {"
"apps/web/src/lib/tmdb.ts","export async function getMovieStudiosList(limit = 40): Promise<TmdbStudioListItem[]> {"
"apps/web/src/lib/tmdb.ts","export async function getTvGenresList(): Promise<TmdbGenreListItem[]> {"
"apps/web/src/lib/tmdb.ts","export async function getSeriesStudiosList(limit = 40): Promise<TmdbStudioListItem[]> {"
"apps/web/src/lib/tmdb.ts","export interface MoviesDiscoverState {"
"apps/web/src/lib/tmdb.ts","export function parseMoviesDiscoverSearchParams("
"apps/web/src/lib/tmdb.ts","export function moviesDiscoverActiveFilterKeys(state: MoviesDiscoverState): string[] {"
"apps/web/src/lib/tmdb.ts","export function seriesDiscoverActiveFilterKeys(state: SeriesDiscoverState): string[] {"
"apps/web/src/lib/tmdb.ts","export async function discoverMoviesBrowse("
"apps/web/src/lib/tmdb.ts","export function discoverStateToBrowseInput("
"apps/web/src/lib/tmdb.ts","export function discoverStateToFetchParams(state: MoviesDiscoverState): Record<string, string> {"
"apps/web/src/lib/tmdb.ts","export function discoverFetchKey(state: MoviesDiscoverState): string {"
"apps/web/src/lib/tmdb.ts","export interface SeriesDiscoverState {"
"apps/web/src/lib/tmdb.ts","export function parseSeriesDiscoverSearchParams("
"apps/web/src/lib/tmdb.ts","export async function discoverSeriesBrowse("
"apps/web/src/lib/tmdb.ts","export function discoverSeriesStateToBrowseInput("
"apps/web/src/lib/tmdb.ts","export function discoverSeriesStateToFetchParams("
"apps/web/src/lib/tmdb.ts","export function discoverSeriesFetchKey(state: SeriesDiscoverState): string {"
"apps/web/src/lib/tmdb.ts","export type CartoonsDiscoverState = MoviesDiscoverState"
"apps/web/src/lib/tmdb.ts","export function parseCartoonsDiscoverSearchParams("
"apps/web/src/lib/tmdb.ts","export function discoverCartoonsStateToBrowseInput("
"apps/web/src/lib/tmdb.ts","export function discoverCartoonsStateToFetchParams("
"apps/web/src/lib/tmdb.ts","export function discoverCartoonsFetchKey(state: CartoonsDiscoverState): string {"
"apps/web/src/lib/tmdb.ts","export async function discoverCartoonsBrowse("
"apps/web/src/lib/tmdb.ts","export function mapTmdbCartoonRowToShelfItem(m: TmdbRawMedia): ShelfItem {"
"apps/web/src/lib/tmdb.ts","export async function getTopCartoons2026MosaicPosterUrls(maxUrls: number): Promise<string[]> {"
"apps/web/src/lib/tmdb.ts","export function mapTmdbSeriesRowToShelfItem(m: TmdbRawMedia): ShelfItem {"
"apps/web/src/lib/tmdb.ts","export async function enrichSeriesShelfRuntime(items: ShelfItem[]): Promise<ShelfItem[]> {"
"apps/web/src/lib/tmdb.ts","export type TvShowsDiscoverState = SeriesDiscoverState"
"apps/web/src/lib/tmdb.ts","export function parseTvShowsDiscoverSearchParams("
"apps/web/src/lib/tmdb.ts","export function discoverTvShowsStateToBrowseInput("
"apps/web/src/lib/tmdb.ts","export function discoverTvShowsStateToFetchParams("
"apps/web/src/lib/tmdb.ts","export function discoverTvShowsFetchKey(state: TvShowsDiscoverState): string {"
"apps/web/src/lib/tmdb.ts","export function discoverTvShowsBrowse("
"apps/web/src/lib/tmdb.ts","export function mapTmdbTvShowRowToShelfItem(m: TmdbRawMedia): ShelfItem {"
"apps/web/src/lib/tmdb.ts","export function enrichTvShowsShelfRuntime(items: ShelfItem[]): Promise<ShelfItem[]> {"
"apps/web/src/lib/tmdb.ts","export async function getTopMovies2026MosaicPosterUrls(maxUrls: number): Promise<string[]> {"
"apps/web/src/lib/tmdb.ts","export async function getTopSeries2026MosaicPosterUrls(maxUrls: number): Promise<string[]> {"
"apps/web/src/lib/tmdb.ts","export async function getTopTvShows2026MosaicPosterUrls(maxUrls: number): Promise<string[]> {"
"apps/web/src/lib/tmdb.ts","export function mapTmdbMovieRowToShelfItem(m: TmdbRawMedia): ShelfItem {"
"apps/web/src/lib/tmdb.ts","export async function enrichMovieShelfRuntime(items: ShelfItem[]): Promise<ShelfItem[]> {"
"apps/web/src/lib/tmdb.ts","export async function getTopMovieIdsForStaticParams("
"apps/web/src/lib/tmdb.ts","export async function getTopSeriesIdsForStaticParams("
"apps/web/src/lib/tvSeriesDetailRoute.tsx","export async function generateTvSeriesDetailMetadata("
"apps/web/src/lib/tvSeriesDetailRoute.tsx","export async function TvSeriesDetailPageApp({ params }: Props, segment: TvSeriesRouteSegment) {"
"apps/web/src/lib/tvShowsDiscoverCopy.ts","export function getTvShowsDiscoverHeroLead("
"apps/web/src/lib/tvShowsDiscoverCopy.ts","export function getTvShowsDiscoverDescription("
"apps/web/src/lib/tvShowsDiscoverCopy.ts","export function getTvShowsDiscoverTitle("
"apps/web/src/lib/tvShowsDiscoverCopy.ts","export function getTvShowsDiscoverCanonicalPath("
"apps/web/src/lib/tvShowsDiscoverCopy.ts","export function getTvShowsDiscoverKeywords("
"apps/web/src/middleware.ts","export function middleware(request: NextRequest) {"
"apps/web/src/middleware.ts","export const config = {"
"apps/web/tailwind.config.ts","export default config"
"eslint.config.mjs","export default tseslint.config("
"packages/db/drizzle.config.ts","export default defineConfig({"
"packages/db/src/index.ts","export { and, eq, sql } from 'drizzle-orm'"
"packages/db/src/index.ts","export const db = drizzle(sql, { schema })"
"packages/db/src/index.ts","export type { InferInsertModel, InferSelectModel } from 'drizzle-orm'"
"packages/db/src/index.ts","export * from './schema/index.js'"
"packages/db/src/schema/index.ts","export const mediaTypeEnum = pgEnum('media_type', ['movie', 'series', 'cartoon', 'tvshow'])"
"packages/db/src/schema/index.ts","export const userRoleEnum = pgEnum('user_role', ['user', 'admin'])"
"packages/db/src/schema/index.ts","export const reactionEnum = pgEnum('reaction_type', ['like', 'dislike'])"
"packages/db/src/schema/index.ts","export const watchStatusEnum = pgEnum('watch_status', ['watching', 'completed', 'planned'])"
"packages/db/src/schema/index.ts","export const commentStatusEnum = pgEnum('comment_status', ['pending', 'approved', 'rejected'])"
"packages/db/src/schema/index.ts","export const media = pgTable("
"packages/db/src/schema/index.ts","export const persons = pgTable('persons', {"
"packages/db/src/schema/index.ts","export const genres = pgTable('genres', {"
"packages/db/src/schema/index.ts","export const categories = pgTable('categories', {"
"packages/db/src/schema/index.ts","export const mediaGenres = pgTable("
"packages/db/src/schema/index.ts","export const mediaPersons = pgTable("
"packages/db/src/schema/index.ts","export const mediaVideos = pgTable('media_videos', {"
"packages/db/src/schema/index.ts","export const users = pgTable('users', {"
"packages/db/src/schema/index.ts","export const comments = pgTable("
"packages/db/src/schema/index.ts","export const reactions = pgTable("
"packages/db/src/schema/index.ts","export const movieFeedbackVotes = pgTable("
"packages/db/src/schema/index.ts","export const movieComments = pgTable("
"packages/db/src/schema/index.ts","export const watchlist = pgTable("
"packages/types/src/index.ts","export type MediaType = 'movie' | 'series' | 'cartoon' | 'tvshow'"
"packages/ui/src/components/Badge/Badge.animations.ts","export const badgeVariants = {"
"packages/ui/src/components/Badge/Badge.tsx","export function Badge({ variant = 'genre', children, animated = false, className }: BadgeProps) {"
"packages/ui/src/components/Button/Button.animations.ts","export const buttonVariants = {"
"packages/ui/src/components/Button/Button.tsx","export type ButtonProps = OwnProps &"
"packages/ui/src/components/Button/Button.tsx","export const Button = forwardRef<HTMLButtonElement, ButtonProps>(function Button("
"packages/ui/src/components/Input/Input.animations.ts","export const inputVariants = {"
"packages/ui/src/components/Input/Input.tsx","export function Input({"
"packages/ui/src/components/Skeleton/Skeleton.tsx","export function Skeleton({ variant = 'custom', width, height, className }: SkeletonProps) {"
"packages/ui/src/types/css.d.ts","export default styles"
"theme/tokens/classes.ts","export const sizeClasses = generated.sizeClasses as Record<"
"theme/tokens/classes.ts","export const spacingClasses = generated.spacingClasses as Record<"
"theme/tokens/classes.ts","export const borderRadiusClasses = generated.borderRadiusClasses as Record<"
"theme/tokens/classes.ts","export const gridGapClasses = generated.gridGapClasses as Record<TokenKey<typeof gridGap>, string>"
"theme/tokens/classes.ts","export const gridGapLayoutClasses = generated.gridGapLayoutClasses as Record<"
"theme/tokens/classes.ts","export const gridColumnLayoutClasses = generated.gridColumnLayoutClasses as Record<"
"theme/tokens/classes.ts","export const gridColumnClasses = generated.gridColumnClasses as Record<"
"theme/tokens/classes.ts","export const cardWidthClasses = generated.cardWidthClasses as Record<"
"theme/tokens/classes.ts","export const cardHeightClasses = generated.cardHeightClasses as Record<"
"theme/tokens/classes.ts","export const cardFrameClasses = generated.cardFrameClasses as Record<"
"theme/tokens/colors.ts","export const color = resolved.color"
"theme/tokens/colors.ts","export const semantic = resolved.semantic"
"theme/tokens/dtcg.ts","export type DtcgJson = Record<string, DtcgNode>"
"theme/tokens/dtcg.ts","export function resolveDtcgTokens(json: DtcgJson): Record<string, unknown> {"
"theme/tokens/size.ts","export const spaceStep = tokens.spaceStep"
"theme/tokens/size.ts","export const spacing = tokens.spacing"
"theme/tokens/size.ts","export const borderRadius = tokens.borderRadius"
"theme/tokens/size.ts","export const componentBorderRadius = tokens.componentBorderRadius"
"theme/tokens/size.ts","export const radiusUi = tokens.radiusUi"
"theme/tokens/size.ts","export const fontSize = tokens.fontSize"
"theme/tokens/size.ts","export const size = tokens.size"
"theme/tokens/size.ts","export const layoutWidth = tokens.layoutWidth"
"theme/tokens/size.ts","export const layoutHeight = tokens.layoutHeight"
"theme/tokens/size.ts","export const fontWeight = tokens.fontWeight"
"theme/tokens/size.ts","export const lineHeight = tokens.lineHeight"
"theme/tokens/size.ts","export const letterSpacing = tokens.letterSpacing"
"theme/tokens/size.ts","export const buttonSize = tokens.buttonSize"
"theme/tokens/size.ts","export const iconSize = tokens.iconSize"
"theme/tokens/size.ts","export const buttonPadding = tokens.buttonPadding"
"theme/tokens/size.ts","export const cardSize = tokens.cardSize"
"theme/tokens/size.ts","export const gridGap = tokens.gridGap"
"theme/tokens/size.ts","export const flexGap = tokens.flexGap"
"theme/tokens/size.ts","export const gridColumn = tokens.gridColumn"
"theme/tokens/size.ts","export type ButtonSizeKey = keyof typeof buttonSize"
"theme/tokens/size.ts","export type IconSizeKey = keyof typeof iconSize"
"theme/tokens/size.ts","export type CardSizeKey = keyof typeof cardSize"
"theme/tokens/size.ts","export type GridGapKey = keyof typeof gridGap"
"theme/tokens/size.ts","export type FlexGapKey = keyof typeof flexGap"
"theme/tokens/size.ts","export type GridColumnKey = keyof typeof gridColumn"
"tsconfig.root-check.ts","export {};"
