"file","import_line"
"apps/admin/eslint.config.mjs","import nextPlugin from '@next/eslint-plugin-next'"
"apps/admin/eslint.config.mjs","import rootConfig from '../../eslint.config.mjs'"
"apps/admin/next-env.d.ts","import './.next/types/routes.d.ts'"
"apps/admin/src/app/layout.tsx","import type { Metadata } from 'next'"
"apps/admin/src/app/layout.tsx","import { Geist } from 'next/font/google'"
"apps/admin/src/app/layout.tsx","import '@repo/ui/tokens/tokens.css'"
"apps/admin/src/app/layout.tsx","import '@repo/ui/tokens/globals.css'"
"apps/api/src/index.test.ts","import { describe, expect, it } from 'vitest'"
"apps/api/src/index.test.ts","import server from './index'"
"apps/api/src/index.ts","import { and, db, eq, movieComments, sql } from '@repo/db'"
"apps/api/src/index.ts","import { fetchRequestHandler } from '@trpc/server/adapters/fetch'"
"apps/api/src/index.ts","import { Hono } from 'hono'"
"apps/api/src/index.ts","import { cors } from 'hono/cors'"
"apps/api/src/index.ts","import { logger } from 'hono/logger'"
"apps/api/src/index.ts","import { Resend } from 'resend'"
"apps/api/src/index.ts","import { z } from 'zod'"
"apps/api/src/index.ts","import { getCommentModerationEmail } from './emails/comment-moderation'"
"apps/api/src/index.ts","import { appRouter } from './server/api/root'"
"apps/api/src/index.ts","import {"
"apps/api/src/index.ts","import { loginUser, registerOAuthUser, registerUser } from './server/api/routers/users/service'"
"apps/api/src/index.ts","import { createTRPCContext } from './server/context'"
"apps/api/src/lib/generateColors.ts","import { promises as fs } from 'node:fs'"
"apps/api/src/lib/generateColors.ts","import { tmpdir } from 'node:os'"
"apps/api/src/lib/generateColors.ts","import { join } from 'node:path'"
"apps/api/src/lib/generateColors.ts","import { encode } from 'blurhash'"
"apps/api/src/lib/generateColors.ts","import { getColor } from 'colorthief'"
"apps/api/src/lib/generateColors.ts","import sharp from 'sharp'"
"apps/api/src/server/api/root.ts","import { router } from '../trpc'"
"apps/api/src/server/api/root.ts","import { movieRouter } from './routers/movies'"
"apps/api/src/server/api/root.ts","import { userRouter } from './routers/users'"
"apps/api/src/server/api/routers/movies/index.ts","import { TRPCError } from '@trpc/server'"
"apps/api/src/server/api/routers/movies/index.ts","import { z } from 'zod'"
"apps/api/src/server/api/routers/movies/index.ts","import { publicProcedure, router } from '../../../trpc'"
"apps/api/src/server/api/routers/movies/index.ts","import {"
"apps/api/src/server/api/routers/movies/mutations.ts","import { and, db, eq, media, movieFeedbackVotes } from '@repo/db'"
"apps/api/src/server/api/routers/movies/mutations.ts","import type { FeedbackVote } from './queries'"
"apps/api/src/server/api/routers/movies/queries.ts","import { and, db, eq, media, movieFeedbackVotes, sql } from '@repo/db'"
"apps/api/src/server/api/routers/movies/service.ts","import { z } from 'zod'"
"apps/api/src/server/api/routers/movies/service.ts","import { generateMovieColors } from '../../../../lib/generateColors'"
"apps/api/src/server/api/routers/movies/service.ts","import * as mutations from './mutations'"
"apps/api/src/server/api/routers/movies/service.ts","import * as queries from './queries'"
"apps/api/src/server/api/routers/users/index.ts","import { TRPCError } from '@trpc/server'"
"apps/api/src/server/api/routers/users/index.ts","import { z } from 'zod'"
"apps/api/src/server/api/routers/users/index.ts","import { publicProcedure, router } from '../../../trpc'"
"apps/api/src/server/api/routers/users/index.ts","import { loginUser, registerUser } from './service'"
"apps/api/src/server/api/routers/users/mutations.ts","import { db } from '@repo/db'"
"apps/api/src/server/api/routers/users/mutations.ts","import { users } from '@repo/db/schema'"
"apps/api/src/server/api/routers/users/queries.ts","import { db, eq } from '@repo/db'"
"apps/api/src/server/api/routers/users/queries.ts","import { users } from '@repo/db/schema'"
"apps/api/src/server/api/routers/users/service.ts","import { Resend } from 'resend'"
"apps/api/src/server/api/routers/users/service.ts","import { getAdminNotificationEmail } from '../../../../emails/admin-notification'"
"apps/api/src/server/api/routers/users/service.ts","import { getWelcomeEmail } from '../../../../emails/welcome'"
"apps/api/src/server/api/routers/users/service.ts","import * as mutations from './mutations'"
"apps/api/src/server/api/routers/users/service.ts","import * as queries from './queries'"
"apps/api/src/server/context.ts","import { db } from '@repo/db'"
"apps/api/src/server/trpc.ts","import { initTRPC } from '@trpc/server'"
"apps/api/src/server/trpc.ts","import type { Context } from './context'"
"apps/api/vitest.config.ts","import { defineConfig } from 'vitest/config'"
"apps/web/eslint.config.mjs","import nextPlugin from '@next/eslint-plugin-next'"
"apps/web/eslint.config.mjs","import rootConfig from '../../eslint.config.mjs'"
"apps/web/next-env.d.ts","import ""./.next/types/routes.d.ts"";"
"apps/web/scripts/create-seo-page.mjs","import { existsSync, mkdirSync, writeFileSync } from 'node:fs'"
"apps/web/scripts/create-seo-page.mjs","import { join } from 'node:path'"
"apps/web/scripts/create-seo-page.mjs","import { WebPageJsonLd } from '@/components/WebPageJsonLd/WebPageJsonLd'"
"apps/web/scripts/create-seo-page.mjs","import { discoverSocialMeta } from '@/lib/seoSocial'"
"apps/web/scripts/indexnow-submit-sitemap.mjs","import { fetchSitemapUrlsetUrls } from './sitemap-urlset-utils.mjs'"
"apps/web/scripts/measure-route-client-chunks.mjs","import { mkdirSync, readdirSync, readFileSync, statSync, writeFileSync } from 'node:fs'"
"apps/web/scripts/measure-route-client-chunks.mjs","import { join, resolve } from 'node:path'"
"apps/web/scripts/measure-route-client-chunks.mjs","import vm from 'node:vm'"
"apps/web/scripts/robots-disallow-utils.mjs","import ts from 'typescript'"
"apps/web/scripts/seo-consistency-core.mjs","import { join } from 'node:path'"
"apps/web/scripts/seo-crawl-budget-core.mjs","import { normalizeRoutePath } from './seo-internal-links-core.mjs'"
"apps/web/scripts/seo-internal-links-core.mjs","import { relative } from 'node:path'"
"apps/web/scripts/seo-monitor-regression.mjs","import { mkdirSync, readFileSync, writeFileSync } from 'node:fs'"
"apps/web/scripts/seo-monitor-regression.mjs","import { join } from 'node:path'"
"apps/web/scripts/seo-monitor-regression.mjs","import { fetchSitemapUrlsetUrls } from './sitemap-urlset-utils.mjs'"
"apps/web/scripts/seo-nightly.mjs","import { spawnSync } from 'node:child_process'"
"apps/web/scripts/seo-nightly.mjs","import { mkdirSync, readFileSync, writeFileSync } from 'node:fs'"
"apps/web/scripts/seo-nightly.mjs","import { join } from 'node:path'"
"apps/web/scripts/seo-scaffold-core.mjs","import ts from 'typescript'"
"apps/web/scripts/seo-scaffold-core.mjs","import {"
"apps/web/scripts/seo-smoke.mjs","import { readFileSync } from 'node:fs'"
"apps/web/scripts/seo-smoke.mjs","import { join } from 'node:path'"
"apps/web/scripts/seo-smoke.mjs","import { fetchSitemapUrlsetUrls } from './sitemap-urlset-utils.mjs'"
"apps/web/scripts/seo-webmaster-loop.mjs","import { mkdirSync, readFileSync, writeFileSync } from 'node:fs'"
"apps/web/scripts/seo-webmaster-loop.mjs","import { join } from 'node:path'"
"apps/web/scripts/seo-weekly-audit.mjs","import { spawnSync } from 'node:child_process'"
"apps/web/scripts/seo-weekly-audit.mjs","import { mkdirSync, readFileSync, writeFileSync } from 'node:fs'"
"apps/web/scripts/seo-weekly-audit.mjs","import { join } from 'node:path'"
"apps/web/scripts/sync-seo-scaffold-staged.mjs","import { execSync } from 'node:child_process'"
"apps/web/scripts/sync-seo-scaffold-staged.mjs","import { existsSync, readFileSync } from 'node:fs'"
"apps/web/scripts/sync-seo-scaffold-staged.mjs","import { join } from 'node:path'"
"apps/web/scripts/sync-seo-scaffold-staged.mjs","import { scaffoldChecksForSource } from './seo-scaffold-core.mjs'"
"apps/web/scripts/ts-ast-utils.mjs","import ts from 'typescript'"
"apps/web/scripts/verify-jsonld-coverage.mjs","import { readdirSync, readFileSync, statSync } from 'node:fs'"
"apps/web/scripts/verify-jsonld-coverage.mjs","import { join } from 'node:path'"
"apps/web/scripts/verify-jsonld-coverage.mjs","import { pageJsonLdCoverage, parseScaffoldSource } from './seo-scaffold-core.mjs'"
"apps/web/scripts/verify-route-chunk-budget.mjs","import { readFileSync } from 'node:fs'"
"apps/web/scripts/verify-route-chunk-budget.mjs","import { resolve } from 'node:path'"
"apps/web/scripts/verify-semantic-button-states.mjs","import { readdirSync, readFileSync, statSync } from 'node:fs'"
"apps/web/scripts/verify-semantic-button-states.mjs","import { join, relative } from 'node:path'"
"apps/web/scripts/verify-semantic-button-states.mjs","import ts from 'typescript'"
"apps/web/scripts/verify-seo-canonical-contract.mjs","import { readFileSync } from 'node:fs'"
"apps/web/scripts/verify-seo-canonical-contract.mjs","import { join } from 'node:path'"
"apps/web/scripts/verify-seo-canonical-contract.mjs","import ts from 'typescript'"
"apps/web/scripts/verify-seo-consistency.mjs","import { existsSync, readFileSync } from 'node:fs'"
"apps/web/scripts/verify-seo-consistency.mjs","import { join } from 'node:path'"
"apps/web/scripts/verify-seo-consistency.mjs","import ts from 'typescript'"
"apps/web/scripts/verify-seo-consistency.mjs","import { extractRobotsDisallowLiterals, parseRobotsSource } from './robots-disallow-utils.mjs'"
"apps/web/scripts/verify-seo-consistency.mjs","import {"
"apps/web/scripts/verify-seo-contracts.mjs","import { readdirSync, readFileSync, statSync } from 'node:fs'"
"apps/web/scripts/verify-seo-contracts.mjs","import { join } from 'node:path'"
"apps/web/scripts/verify-seo-contracts.mjs","import ts from 'typescript'"
"apps/web/scripts/verify-seo-contracts.mjs","import { hasExportedFunction, isExportedVariable, walk } from './ts-ast-utils.mjs'"
"apps/web/scripts/verify-seo-crawl-budget.mjs","import { readdirSync, readFileSync, statSync } from 'node:fs'"
"apps/web/scripts/verify-seo-crawl-budget.mjs","import { join, relative } from 'node:path'"
"apps/web/scripts/verify-seo-crawl-budget.mjs","import { parseRouteQueryKeys, toRouteDepths } from './seo-crawl-budget-core.mjs'"
"apps/web/scripts/verify-seo-crawl-budget.mjs","import {"
"apps/web/scripts/verify-seo-freshness-eeat.mjs","import { readFileSync } from 'node:fs'"
"apps/web/scripts/verify-seo-freshness-eeat.mjs","import { join } from 'node:path'"
"apps/web/scripts/verify-seo-freshness-eeat.mjs","import ts from 'typescript'"
"apps/web/scripts/verify-seo-freshness-eeat.mjs","import { walk } from './ts-ast-utils.mjs'"
"apps/web/scripts/verify-seo-infra.mjs","import { existsSync, readFileSync } from 'node:fs'"
"apps/web/scripts/verify-seo-infra.mjs","import { join } from 'node:path'"
"apps/web/scripts/verify-seo-infra.mjs","import ts from 'typescript'"
"apps/web/scripts/verify-seo-internal-links.mjs","import { readdirSync, readFileSync, statSync } from 'node:fs'"
"apps/web/scripts/verify-seo-internal-links.mjs","import { join } from 'node:path'"
"apps/web/scripts/verify-seo-internal-links.mjs","import {"
"apps/web/scripts/verify-seo-noindex-robots.mjs","import { existsSync, readdirSync, readFileSync } from 'node:fs'"
"apps/web/scripts/verify-seo-noindex-robots.mjs","import { join } from 'node:path'"
"apps/web/scripts/verify-seo-noindex-robots.mjs","import ts from 'typescript'"
"apps/web/scripts/verify-seo-noindex-robots.mjs","import { extractRobotsDisallowLiterals, parseRobotsSource } from './robots-disallow-utils.mjs'"
"apps/web/scripts/verify-seo-programmatic-policy.mjs","import { readFileSync } from 'node:fs'"
"apps/web/scripts/verify-seo-programmatic-policy.mjs","import { join } from 'node:path'"
"apps/web/scripts/verify-seo-report.mjs","import { spawnSync } from 'node:child_process'"
"apps/web/scripts/verify-seo-report.mjs","import { mkdirSync, writeFileSync } from 'node:fs'"
"apps/web/scripts/verify-seo-report.mjs","import { join } from 'node:path'"
"apps/web/scripts/verify-seo-scaffold-staged.mjs","import { execSync } from 'node:child_process'"
"apps/web/scripts/verify-seo-scaffold-staged.mjs","import { scaffoldChecksForSource } from './seo-scaffold-core.mjs'"
"apps/web/scripts/verify-seo-scaffold.mjs","import { readdirSync, readFileSync, statSync } from 'node:fs'"
"apps/web/scripts/verify-seo-scaffold.mjs","import { join, relative } from 'node:path'"
"apps/web/scripts/verify-seo-scaffold.mjs","import { scaffoldChecksForSource } from './seo-scaffold-core.mjs'"
"apps/web/scripts/verify-seo-schema-contract.mjs","import { readFileSync } from 'node:fs'"
"apps/web/scripts/verify-seo-schema-contract.mjs","import { join } from 'node:path'"
"apps/web/scripts/verify-seo-schema-contract.mjs","import ts from 'typescript'"
"apps/web/scripts/verify-seo-schema-contract.mjs","import { walk } from './ts-ast-utils.mjs'"
"apps/web/scripts/verify-seo-sitemap-contract.mjs","import { readFileSync } from 'node:fs'"
"apps/web/scripts/verify-seo-sitemap-contract.mjs","import { join } from 'node:path'"
"apps/web/scripts/verify-seo-sitemap-contract.mjs","import {"
"apps/web/src/app/(detail)/layout.tsx","import type { ReactNode } from 'react'"
"apps/web/src/app/(detail)/layout.tsx","import { DetailShell } from '@/app/_shells/DetailShell'"
"apps/web/src/app/(detail)/movie/[id]/error.tsx","import { useEffect } from 'react'"
"apps/web/src/app/(detail)/movie/[id]/error.tsx","import styles from './error.module.css'"
"apps/web/src/app/(detail)/movie/[id]/loading.tsx","import styles from './loading.module.css'"
"apps/web/src/app/(detail)/movie/[id]/page.tsx","import type { Metadata } from 'next'"
"apps/web/src/app/(detail)/movie/[id]/page.tsx","import { notFound, redirect } from 'next/navigation'"
"apps/web/src/app/(detail)/movie/[id]/page.tsx","import { type CSSProperties, Suspense } from 'react'"
"apps/web/src/app/(detail)/movie/[id]/page.tsx","import { HeroLcpPreloadLinks } from '@/components/MovieDetailPage/HeroLcpPreloadLinks'"
"apps/web/src/app/(detail)/movie/[id]/page.tsx","import { MovieDetailBelowFoldSuspenseFallback } from '@/components/MovieDetailPage/MovieDetailBelowFoldDynamics'"
"apps/web/src/app/(detail)/movie/[id]/page.tsx","import { MovieDetailPage } from '@/components/MovieDetailPage/MovieDetailPage'"
"apps/web/src/app/(detail)/movie/[id]/page.tsx","import { MovieDetailStreamedBelowFold } from '@/components/MovieDetailPage/MovieDetailStreamedBelowFold'"
"apps/web/src/app/(detail)/movie/[id]/page.tsx","import { jsonLdMainEntityId, jsonLdSameAsTmdb, jsonLdYoutubeVideoId } from '@/lib/jsonLdEntity'"
"apps/web/src/app/(detail)/movie/[id]/page.tsx","import { getMoviePageDataShellCached } from '@/lib/moviePageDataCache'"
"apps/web/src/app/(detail)/movie/[id]/page.tsx","import { discoverPageAlternates, discoverSocialMeta } from '@/lib/seoSocial'"
"apps/web/src/app/(detail)/movie/[id]/page.tsx","import { buildWatchSeoTitle } from '@/lib/seoTitles'"
"apps/web/src/app/(detail)/movie/[id]/page.tsx","import { SITE_URL } from '@/lib/site'"
"apps/web/src/app/(detail)/movie/[id]/page.tsx","import { moviePath, resolveMovieIdFromParam } from '@/lib/slug'"
"apps/web/src/app/(detail)/movie/[id]/page.tsx","import { containsCyrillic } from '@/lib/textScript'"
"apps/web/src/app/(detail)/movie/[id]/page.tsx","import type { MoviePageDetail } from '@/lib/tmdb'"
"apps/web/src/app/(detail)/movie/[id]/page.tsx","import { getImageUrl, getTopMovieIdsForStaticParams } from '@/lib/tmdb'"
"apps/web/src/app/(detail)/movie/[id]/page.tsx","import styles from './page.module.css'"
"apps/web/src/app/(site)/about/page.tsx","import type { Metadata } from 'next'"
"apps/web/src/app/(site)/about/page.tsx","import Link from 'next/link'"
"apps/web/src/app/(site)/about/page.tsx","import { LegalDocument, LegalNote } from '@/components/LegalDocument/LegalDocument'"
"apps/web/src/app/(site)/about/page.tsx","import { WebPageJsonLd } from '@/components/WebPageJsonLd/WebPageJsonLd'"
"apps/web/src/app/(site)/about/page.tsx","import { buildAboutOrganizationStructuredData } from '@/lib/jsonLdSite'"
"apps/web/src/app/(site)/about/page.tsx","import { discoverPageAlternates, discoverSocialMeta } from '@/lib/seoSocial'"
"apps/web/src/app/(site)/about/page.tsx","import styles from './page.module.css'"
"apps/web/src/app/(site)/accessibility/page.tsx","import type { Metadata } from 'next'"
"apps/web/src/app/(site)/accessibility/page.tsx","import Link from 'next/link'"
"apps/web/src/app/(site)/accessibility/page.tsx","import { LegalDocument, LegalNote } from '@/components/LegalDocument/LegalDocument'"
"apps/web/src/app/(site)/accessibility/page.tsx","import { WebPageJsonLd } from '@/components/WebPageJsonLd/WebPageJsonLd'"
"apps/web/src/app/(site)/accessibility/page.tsx","import { discoverPageAlternates, discoverSocialMeta } from '@/lib/seoSocial'"
"apps/web/src/app/(site)/accessibility/page.tsx","import styles from './page.module.css'"
"apps/web/src/app/(site)/cartoon/[id]/page.tsx","import { CartoonDetailPageApp, generateCartoonDetailMetadata } from '@/lib/cartoonDetailRoute'"
"apps/web/src/app/(site)/cartoon/[id]/page.tsx","import styles from './page.module.css'"
"apps/web/src/app/(site)/cartoons/page.tsx","import type { Metadata } from 'next'"
"apps/web/src/app/(site)/cartoons/page.tsx","import { MosaicHeroLcpPreload } from '@/components/MosaicHeroLcpPreload'"
"apps/web/src/app/(site)/cartoons/page.tsx","import { MoviesDiscoverPage } from '@/components/MoviesDiscoverPage/MoviesDiscoverPage'"
"apps/web/src/app/(site)/cartoons/page.tsx","import {"
"apps/web/src/app/(site)/cartoons/page.tsx","import { buildCollectionPageStructuredData } from '@/lib/jsonLdSite'"
"apps/web/src/app/(site)/cartoons/page.tsx","import { buildDiscoverHubSnippetTemplate } from '@/lib/seoSnippetTemplates'"
"apps/web/src/app/(site)/cartoons/page.tsx","import { discoverPageAlternates, discoverSocialMeta } from '@/lib/seoSocial'"
"apps/web/src/app/(site)/cartoons/page.tsx","import {"
"apps/web/src/app/(site)/cartoons/page.tsx","import styles from './page.module.css'"
"apps/web/src/app/(site)/categories/page.tsx","import type { Metadata } from 'next'"
"apps/web/src/app/(site)/categories/page.tsx","import { permanentRedirect } from 'next/navigation'"
"apps/web/src/app/(site)/categories/page.tsx","import { WebPageJsonLd } from '@/components/WebPageJsonLd/WebPageJsonLd'"
"apps/web/src/app/(site)/categories/page.tsx","import { discoverPageAlternates, discoverSocialMeta } from '@/lib/seoSocial'"
"apps/web/src/app/(site)/contact/page.tsx","import type { Metadata } from 'next'"
"apps/web/src/app/(site)/contact/page.tsx","import Link from 'next/link'"
"apps/web/src/app/(site)/contact/page.tsx","import { LegalDocument, LegalNote } from '@/components/LegalDocument/LegalDocument'"
"apps/web/src/app/(site)/contact/page.tsx","import { WebPageJsonLd } from '@/components/WebPageJsonLd/WebPageJsonLd'"
"apps/web/src/app/(site)/contact/page.tsx","import { discoverPageAlternates, discoverSocialMeta } from '@/lib/seoSocial'"
"apps/web/src/app/(site)/contact/page.tsx","import styles from './page.module.css'"
"apps/web/src/app/(site)/cookies/page.tsx","import type { Metadata } from 'next'"
"apps/web/src/app/(site)/cookies/page.tsx","import Link from 'next/link'"
"apps/web/src/app/(site)/cookies/page.tsx","import { LegalDocument, LegalNote } from '@/components/LegalDocument/LegalDocument'"
"apps/web/src/app/(site)/cookies/page.tsx","import { WebPageJsonLd } from '@/components/WebPageJsonLd/WebPageJsonLd'"
"apps/web/src/app/(site)/cookies/page.tsx","import { discoverPageAlternates, discoverSocialMeta } from '@/lib/seoSocial'"
"apps/web/src/app/(site)/cookies/page.tsx","import styles from './page.module.css'"
"apps/web/src/app/(site)/dmca/page.tsx","import type { Metadata } from 'next'"
"apps/web/src/app/(site)/dmca/page.tsx","import Link from 'next/link'"
"apps/web/src/app/(site)/dmca/page.tsx","import { LegalDocument, LegalNote } from '@/components/LegalDocument/LegalDocument'"
"apps/web/src/app/(site)/dmca/page.tsx","import { WebPageJsonLd } from '@/components/WebPageJsonLd/WebPageJsonLd'"
"apps/web/src/app/(site)/dmca/page.tsx","import { discoverPageAlternates, discoverSocialMeta } from '@/lib/seoSocial'"
"apps/web/src/app/(site)/dmca/page.tsx","import styles from './page.module.css'"
"apps/web/src/app/(site)/entity/[slug]/page.tsx","import type { Metadata } from 'next'"
"apps/web/src/app/(site)/entity/[slug]/page.tsx","import Link from 'next/link'"
"apps/web/src/app/(site)/entity/[slug]/page.tsx","import { notFound } from 'next/navigation'"
"apps/web/src/app/(site)/entity/[slug]/page.tsx","import { SearchPageClient } from '@/components/SearchPage/SearchPageClient'"
"apps/web/src/app/(site)/entity/[slug]/page.tsx","import { WebPageJsonLd } from '@/components/WebPageJsonLd/WebPageJsonLd'"
"apps/web/src/app/(site)/entity/[slug]/page.tsx","import { entityCanonicalSlug, entityQueryFromSlug } from '@/lib/entitySearch'"
"apps/web/src/app/(site)/entity/[slug]/page.tsx","import { buildEntitySnippetTemplate } from '@/lib/seoSnippetTemplates'"
"apps/web/src/app/(site)/entity/[slug]/page.tsx","import { discoverPageAlternates, discoverSocialMeta } from '@/lib/seoSocial'"
"apps/web/src/app/(site)/entity/[slug]/page.tsx","import styles from './page.module.css'"
"apps/web/src/app/(site)/gdpr/page.tsx","import type { Metadata } from 'next'"
"apps/web/src/app/(site)/gdpr/page.tsx","import Link from 'next/link'"
"apps/web/src/app/(site)/gdpr/page.tsx","import { LegalDocument, LegalNote } from '@/components/LegalDocument/LegalDocument'"
"apps/web/src/app/(site)/gdpr/page.tsx","import { WebPageJsonLd } from '@/components/WebPageJsonLd/WebPageJsonLd'"
"apps/web/src/app/(site)/gdpr/page.tsx","import { discoverPageAlternates, discoverSocialMeta } from '@/lib/seoSocial'"
"apps/web/src/app/(site)/gdpr/page.tsx","import styles from './page.module.css'"
"apps/web/src/app/(site)/help/page.tsx","import type { Metadata } from 'next'"
"apps/web/src/app/(site)/help/page.tsx","import Link from 'next/link'"
"apps/web/src/app/(site)/help/page.tsx","import { LegalDocument, LegalNote } from '@/components/LegalDocument/LegalDocument'"
"apps/web/src/app/(site)/help/page.tsx","import { WebPageJsonLd } from '@/components/WebPageJsonLd/WebPageJsonLd'"
"apps/web/src/app/(site)/help/page.tsx","import { discoverPageAlternates, discoverSocialMeta } from '@/lib/seoSocial'"
"apps/web/src/app/(site)/help/page.tsx","import styles from './page.module.css'"
"apps/web/src/app/(site)/layout.tsx","import type { ReactNode } from 'react'"
"apps/web/src/app/(site)/layout.tsx","import { SiteShell } from '@/app/_shells/SiteShell'"
"apps/web/src/app/(site)/login/page.tsx","import type { Metadata } from 'next'"
"apps/web/src/app/(site)/login/page.tsx","import { LoginForm } from '@/components/LoginForm/LoginForm'"
"apps/web/src/app/(site)/login/page.tsx","import { WebPageJsonLd } from '@/components/WebPageJsonLd/WebPageJsonLd'"
"apps/web/src/app/(site)/login/page.tsx","import { discoverPageAlternates, discoverSocialMeta } from '@/lib/seoSocial'"
"apps/web/src/app/(site)/movies/category/[genre]/about/error.tsx","import hubStyles from '../hub.module.css'"
"apps/web/src/app/(site)/movies/category/[genre]/about/loading.tsx","import hubStyles from '../hub.module.css'"
"apps/web/src/app/(site)/movies/category/[genre]/about/page.tsx","import type { Metadata } from 'next'"
"apps/web/src/app/(site)/movies/category/[genre]/about/page.tsx","import Link from 'next/link'"
"apps/web/src/app/(site)/movies/category/[genre]/about/page.tsx","import { notFound } from 'next/navigation'"
"apps/web/src/app/(site)/movies/category/[genre]/about/page.tsx","import { buildEntitySearchHref } from '@/lib/entitySearch'"
"apps/web/src/app/(site)/movies/category/[genre]/about/page.tsx","import { buildCollectionPageStructuredData } from '@/lib/jsonLdSite'"
"apps/web/src/app/(site)/movies/category/[genre]/about/page.tsx","import { getMovieGenreHubContent } from '@/lib/movieGenreHubContent'"
"apps/web/src/app/(site)/movies/category/[genre]/about/page.tsx","import { movieGenreIdToSlug, movieGenreSlugToId } from '@/lib/movieGenreRoute'"
"apps/web/src/app/(site)/movies/category/[genre]/about/page.tsx","import { discoverPageAlternates, discoverSocialMeta } from '@/lib/seoSocial'"
"apps/web/src/app/(site)/movies/category/[genre]/about/page.tsx","import { detailPathForShelfItem } from '@/lib/slug'"
"apps/web/src/app/(site)/movies/category/[genre]/about/page.tsx","import {"
"apps/web/src/app/(site)/movies/category/[genre]/about/page.tsx","import hubStyles from '../hub.module.css'"
"apps/web/src/app/(site)/movies/category/[genre]/page.tsx","import type { Metadata } from 'next'"
"apps/web/src/app/(site)/movies/category/[genre]/page.tsx","import Link from 'next/link'"
"apps/web/src/app/(site)/movies/category/[genre]/page.tsx","import { notFound } from 'next/navigation'"
"apps/web/src/app/(site)/movies/category/[genre]/page.tsx","import { MosaicHeroLcpPreload } from '@/components/MosaicHeroLcpPreload'"
"apps/web/src/app/(site)/movies/category/[genre]/page.tsx","import { MoviesDiscoverPage } from '@/components/MoviesDiscoverPage/MoviesDiscoverPage'"
"apps/web/src/app/(site)/movies/category/[genre]/page.tsx","import { buildCollectionPageStructuredData } from '@/lib/jsonLdSite'"
"apps/web/src/app/(site)/movies/category/[genre]/page.tsx","import { getMovieGenreHubContent } from '@/lib/movieGenreHubContent'"
"apps/web/src/app/(site)/movies/category/[genre]/page.tsx","import { movieGenreSlugToId } from '@/lib/movieGenreRoute'"
"apps/web/src/app/(site)/movies/category/[genre]/page.tsx","import {"
"apps/web/src/app/(site)/movies/category/[genre]/page.tsx","import { buildGenreHubSnippetTemplate } from '@/lib/seoSnippetTemplates'"
"apps/web/src/app/(site)/movies/category/[genre]/page.tsx","import { discoverPageAlternates, discoverSocialMeta } from '@/lib/seoSocial'"
"apps/web/src/app/(site)/movies/category/[genre]/page.tsx","import {"
"apps/web/src/app/(site)/movies/category/[genre]/page.tsx","import hubStyles from './hub.module.css'"
"apps/web/src/app/(site)/movies/loading.tsx","import styles from './loading.module.css'"
"apps/web/src/app/(site)/movies/page.tsx","import type { Metadata } from 'next'"
"apps/web/src/app/(site)/movies/page.tsx","import { redirect } from 'next/navigation'"
"apps/web/src/app/(site)/movies/page.tsx","import { MosaicHeroLcpPreload } from '@/components/MosaicHeroLcpPreload'"
"apps/web/src/app/(site)/movies/page.tsx","import { MoviesDiscoverPage } from '@/components/MoviesDiscoverPage/MoviesDiscoverPage'"
"apps/web/src/app/(site)/movies/page.tsx","import { buildCollectionPageStructuredData } from '@/lib/jsonLdSite'"
"apps/web/src/app/(site)/movies/page.tsx","import { movieGenrePathById } from '@/lib/movieGenreRoute'"
"apps/web/src/app/(site)/movies/page.tsx","import {"
"apps/web/src/app/(site)/movies/page.tsx","import { buildDiscoverHubSnippetTemplate } from '@/lib/seoSnippetTemplates'"
"apps/web/src/app/(site)/movies/page.tsx","import { discoverPageAlternates, discoverSocialMeta } from '@/lib/seoSocial'"
"apps/web/src/app/(site)/movies/page.tsx","import {"
"apps/web/src/app/(site)/movies/page.tsx","import styles from './page.module.css'"
"apps/web/src/app/(site)/movies/random/page.tsx","import type { Metadata } from 'next'"
"apps/web/src/app/(site)/movies/random/page.tsx","import { RandomMoviePage } from '@/components/RandomMoviePage/RandomMoviePage'"
"apps/web/src/app/(site)/movies/random/page.tsx","import { WebPageJsonLd } from '@/components/WebPageJsonLd/WebPageJsonLd'"
"apps/web/src/app/(site)/movies/random/page.tsx","import { discoverPageAlternates, discoverSocialMeta } from '@/lib/seoSocial'"
"apps/web/src/app/(site)/movies/random/page.tsx","import { getMovieGenresList } from '@/lib/tmdb'"
"apps/web/src/app/(site)/notifications/page.tsx","import type { Metadata } from 'next'"
"apps/web/src/app/(site)/notifications/page.tsx","import { WebPageJsonLd } from '@/components/WebPageJsonLd/WebPageJsonLd'"
"apps/web/src/app/(site)/notifications/page.tsx","import { discoverPageAlternates, discoverSocialMeta } from '@/lib/seoSocial'"
"apps/web/src/app/(site)/notifications/page.tsx","import styles from './page.module.css'"
"apps/web/src/app/(site)/page.tsx","import type { Metadata } from 'next'"
"apps/web/src/app/(site)/page.tsx","import { Suspense } from 'react'"
"apps/web/src/app/(site)/page.tsx","import { HeroSection } from '@/components/HeroSection/HeroSection'"
"apps/web/src/app/(site)/page.tsx","import { HomeDiscoverShelves } from '@/components/HomeDiscoverShelves/HomeDiscoverShelves'"
"apps/web/src/app/(site)/page.tsx","import { HomeShelvesFallback } from '@/components/HomeDiscoverShelves/HomeShelvesFallback'"
"apps/web/src/app/(site)/page.tsx","import { HomeLcpPreloadLinks } from '@/components/HomeLcpPreloadLinks'"
"apps/web/src/app/(site)/page.tsx","import { buildHomeStructuredData } from '@/lib/jsonLdSite'"
"apps/web/src/app/(site)/page.tsx","import { discoverPageAlternates, discoverSocialMeta } from '@/lib/seoSocial'"
"apps/web/src/app/(site)/page.tsx","import { getHeroItems } from '@/lib/tmdb'"
"apps/web/src/app/(site)/page.tsx","import styles from './page.module.css'"
"apps/web/src/app/(site)/person/[id]/page.tsx","import { Share2 } from 'lucide-react'"
"apps/web/src/app/(site)/person/[id]/page.tsx","import type { Metadata } from 'next'"
"apps/web/src/app/(site)/person/[id]/page.tsx","import Image from 'next/image'"
"apps/web/src/app/(site)/person/[id]/page.tsx","import Link from 'next/link'"
"apps/web/src/app/(site)/person/[id]/page.tsx","import { notFound, redirect } from 'next/navigation'"
"apps/web/src/app/(site)/person/[id]/page.tsx","import { cache, type ReactNode, Suspense } from 'react'"
"apps/web/src/app/(site)/person/[id]/page.tsx","import { MovieShareButton } from '@/components/MovieDetailPage/MovieShareButton'"
"apps/web/src/app/(site)/person/[id]/page.tsx","import { PersonFilmographyStream } from '@/components/PersonFilmography/PersonFilmographyStream'"
"apps/web/src/app/(site)/person/[id]/page.tsx","import { PersonPhotosRail } from '@/components/PersonPhotosRail/PersonPhotosRail'"
"apps/web/src/app/(site)/person/[id]/page.tsx","import { WebPageJsonLd } from '@/components/WebPageJsonLd/WebPageJsonLd'"
"apps/web/src/app/(site)/person/[id]/page.tsx","import { buildJsonLdPerson } from '@/lib/jsonLdPerson'"
"apps/web/src/app/(site)/person/[id]/page.tsx","import { movieGenrePathById } from '@/lib/movieGenreRoute'"
"apps/web/src/app/(site)/person/[id]/page.tsx","import { personCreditDetailPath } from '@/lib/personCredits'"
"apps/web/src/app/(site)/person/[id]/page.tsx","import { getPersonCreditsCached, getPersonImagesCached } from '@/lib/personPageDataCache'"
"apps/web/src/app/(site)/person/[id]/page.tsx","import { discoverPageAlternates, discoverSocialMeta } from '@/lib/seoSocial'"
"apps/web/src/app/(site)/person/[id]/page.tsx","import { personPath, resolvePersonIdFromParam } from '@/lib/slug'"
"apps/web/src/app/(site)/person/[id]/page.tsx","import { containsCyrillic } from '@/lib/textScript'"
"apps/web/src/app/(site)/person/[id]/page.tsx","import { getImageUrl, getPersonPageData, type PersonPageDetail } from '@/lib/tmdb'"
"apps/web/src/app/(site)/person/[id]/page.tsx","import styles from './page.module.css'"
"apps/web/src/app/(site)/privacy/page.tsx","import type { Metadata } from 'next'"
"apps/web/src/app/(site)/privacy/page.tsx","import Link from 'next/link'"
"apps/web/src/app/(site)/privacy/page.tsx","import { LegalDocument, LegalNote } from '@/components/LegalDocument/LegalDocument'"
"apps/web/src/app/(site)/privacy/page.tsx","import { WebPageJsonLd } from '@/components/WebPageJsonLd/WebPageJsonLd'"
"apps/web/src/app/(site)/privacy/page.tsx","import { discoverPageAlternates, discoverSocialMeta } from '@/lib/seoSocial'"
"apps/web/src/app/(site)/privacy/page.tsx","import styles from './page.module.css'"
"apps/web/src/app/(site)/profile/page.tsx","import type { Metadata } from 'next'"
"apps/web/src/app/(site)/profile/page.tsx","import { ProfilePage } from '@/components/ProfilePage/ProfilePage'"
"apps/web/src/app/(site)/profile/page.tsx","import { WebPageJsonLd } from '@/components/WebPageJsonLd/WebPageJsonLd'"
"apps/web/src/app/(site)/profile/page.tsx","import { discoverPageAlternates, discoverSocialMeta } from '@/lib/seoSocial'"
"apps/web/src/app/(site)/register/page.tsx","import type { Metadata } from 'next'"
"apps/web/src/app/(site)/register/page.tsx","import { RegisterForm } from '@/components/RegisterForm/RegisterForm'"
"apps/web/src/app/(site)/register/page.tsx","import { WebPageJsonLd } from '@/components/WebPageJsonLd/WebPageJsonLd'"
"apps/web/src/app/(site)/register/page.tsx","import { discoverPageAlternates, discoverSocialMeta } from '@/lib/seoSocial'"
"apps/web/src/app/(site)/register/page.tsx","import styles from './page.module.css'"
"apps/web/src/app/(site)/search/page.tsx","import type { Metadata } from 'next'"
"apps/web/src/app/(site)/search/page.tsx","import { redirect } from 'next/navigation'"
"apps/web/src/app/(site)/search/page.tsx","import { SearchPageClient } from '@/components/SearchPage/SearchPageClient'"
"apps/web/src/app/(site)/search/page.tsx","import { WebPageJsonLd } from '@/components/WebPageJsonLd/WebPageJsonLd'"
"apps/web/src/app/(site)/search/page.tsx","import { buildEntityCanonicalHref } from '@/lib/entitySearch'"
"apps/web/src/app/(site)/search/page.tsx","import { buildSearchSnippetTemplate } from '@/lib/seoSnippetTemplates'"
"apps/web/src/app/(site)/search/page.tsx","import { discoverPageAlternates, discoverSocialMeta } from '@/lib/seoSocial'"
"apps/web/src/app/(site)/search/page.tsx","import styles from './page.module.css'"
"apps/web/src/app/(site)/series/[id]/page.tsx","import { getTopSeriesIdsForStaticParams } from '@/lib/tmdb'"
"apps/web/src/app/(site)/series/[id]/page.tsx","import { generateTvSeriesDetailMetadata, TvSeriesDetailPageApp } from '@/lib/tvSeriesDetailRoute'"
"apps/web/src/app/(site)/series/[id]/page.tsx","import styles from './page.module.css'"
"apps/web/src/app/(site)/series/page.tsx","import type { Metadata } from 'next'"
"apps/web/src/app/(site)/series/page.tsx","import { MosaicHeroLcpPreload } from '@/components/MosaicHeroLcpPreload'"
"apps/web/src/app/(site)/series/page.tsx","import { MoviesDiscoverPage } from '@/components/MoviesDiscoverPage/MoviesDiscoverPage'"
"apps/web/src/app/(site)/series/page.tsx","import { buildCollectionPageStructuredData } from '@/lib/jsonLdSite'"
"apps/web/src/app/(site)/series/page.tsx","import { buildDiscoverHubSnippetTemplate } from '@/lib/seoSnippetTemplates'"
"apps/web/src/app/(site)/series/page.tsx","import { discoverPageAlternates, discoverSocialMeta } from '@/lib/seoSocial'"
"apps/web/src/app/(site)/series/page.tsx","import {"
"apps/web/src/app/(site)/series/page.tsx","import {"
"apps/web/src/app/(site)/series/page.tsx","import styles from './page.module.css'"
"apps/web/src/app/(site)/settings/page.tsx","import type { Metadata } from 'next'"
"apps/web/src/app/(site)/settings/page.tsx","import Link from 'next/link'"
"apps/web/src/app/(site)/settings/page.tsx","import { LegalDocument, LegalNote } from '@/components/LegalDocument/LegalDocument'"
"apps/web/src/app/(site)/settings/page.tsx","import { WebPageJsonLd } from '@/components/WebPageJsonLd/WebPageJsonLd'"
"apps/web/src/app/(site)/settings/page.tsx","import { discoverPageAlternates, discoverSocialMeta } from '@/lib/seoSocial'"
"apps/web/src/app/(site)/settings/page.tsx","import styles from './page.module.css'"
"apps/web/src/app/(site)/terms/page.tsx","import type { Metadata } from 'next'"
"apps/web/src/app/(site)/terms/page.tsx","import Link from 'next/link'"
"apps/web/src/app/(site)/terms/page.tsx","import { LegalDocument, LegalNote } from '@/components/LegalDocument/LegalDocument'"
"apps/web/src/app/(site)/terms/page.tsx","import { WebPageJsonLd } from '@/components/WebPageJsonLd/WebPageJsonLd'"
"apps/web/src/app/(site)/terms/page.tsx","import { discoverPageAlternates, discoverSocialMeta } from '@/lib/seoSocial'"
"apps/web/src/app/(site)/terms/page.tsx","import styles from './page.module.css'"
"apps/web/src/app/(site)/trailer/[id]/page.tsx","import type { Metadata } from 'next'"
"apps/web/src/app/(site)/trailer/[id]/page.tsx","import Link from 'next/link'"
"apps/web/src/app/(site)/trailer/[id]/page.tsx","import { notFound } from 'next/navigation'"
"apps/web/src/app/(site)/trailer/[id]/page.tsx","import { jsonLdMainEntityId, jsonLdYoutubeVideoId } from '@/lib/jsonLdEntity'"
"apps/web/src/app/(site)/trailer/[id]/page.tsx","import { getMoviePageDataShellCached } from '@/lib/moviePageDataCache'"
"apps/web/src/app/(site)/trailer/[id]/page.tsx","import { discoverPageAlternates, discoverSocialMeta } from '@/lib/seoSocial'"
"apps/web/src/app/(site)/trailer/[id]/page.tsx","import { buildWatchSeoTitle } from '@/lib/seoTitles'"
"apps/web/src/app/(site)/trailer/[id]/page.tsx","import { SITE_URL } from '@/lib/site'"
"apps/web/src/app/(site)/trailer/[id]/page.tsx","import { moviePath } from '@/lib/slug'"
"apps/web/src/app/(site)/trailer/[id]/page.tsx","import styles from './page.module.css'"
"apps/web/src/app/(site)/tvshow/[id]/page.tsx","import { generateTvSeriesDetailMetadata, TvSeriesDetailPageApp } from '@/lib/tvSeriesDetailRoute'"
"apps/web/src/app/(site)/tvshow/[id]/page.tsx","import styles from './page.module.css'"
"apps/web/src/app/(site)/tvshows/[id]/page.tsx","import { generateTvSeriesDetailMetadata, TvSeriesDetailPageApp } from '@/lib/tvSeriesDetailRoute'"
"apps/web/src/app/(site)/tvshows/[id]/page.tsx","import styles from './page.module.css'"
"apps/web/src/app/(site)/tvshows/page.tsx","import type { Metadata } from 'next'"
"apps/web/src/app/(site)/tvshows/page.tsx","import { MosaicHeroLcpPreload } from '@/components/MosaicHeroLcpPreload'"
"apps/web/src/app/(site)/tvshows/page.tsx","import { MoviesDiscoverPage } from '@/components/MoviesDiscoverPage/MoviesDiscoverPage'"
"apps/web/src/app/(site)/tvshows/page.tsx","import { buildCollectionPageStructuredData } from '@/lib/jsonLdSite'"
"apps/web/src/app/(site)/tvshows/page.tsx","import { discoverPageAlternates, discoverSocialMeta } from '@/lib/seoSocial'"
"apps/web/src/app/(site)/tvshows/page.tsx","import {"
"apps/web/src/app/(site)/tvshows/page.tsx","import {"
"apps/web/src/app/(site)/tvshows/page.tsx","import styles from './page.module.css'"
"apps/web/src/app/(site)/ui-kit/layout.tsx","import { JetBrains_Mono } from 'next/font/google'"
"apps/web/src/app/(site)/ui-kit/page.tsx","import { Badge } from '@repo/ui/badge'"
"apps/web/src/app/(site)/ui-kit/page.tsx","import { Button } from '@repo/ui/button'"
"apps/web/src/app/(site)/ui-kit/page.tsx","import { Input } from '@repo/ui/input'"
"apps/web/src/app/(site)/ui-kit/page.tsx","import { Skeleton } from '@repo/ui/skeleton'"
"apps/web/src/app/(site)/ui-kit/page.tsx","import type { Metadata } from 'next'"
"apps/web/src/app/(site)/ui-kit/page.tsx","import { CardsGrid } from '@/components/CardsGrid/CardsGrid'"
"apps/web/src/app/(site)/ui-kit/page.tsx","import { WebPageJsonLd } from '@/components/WebPageJsonLd/WebPageJsonLd'"
"apps/web/src/app/(site)/ui-kit/page.tsx","import { discoverPageAlternates, discoverSocialMeta } from '@/lib/seoSocial'"
"apps/web/src/app/(site)/ui-kit/page.tsx","import styles from './page.module.css'"
"apps/web/src/app/(site)/watchlist/page.tsx","import type { Metadata } from 'next'"
"apps/web/src/app/(site)/watchlist/page.tsx","import { WatchlistPage } from '@/components/WatchlistPage/WatchlistPage'"
"apps/web/src/app/(site)/watchlist/page.tsx","import { WebPageJsonLd } from '@/components/WebPageJsonLd/WebPageJsonLd'"
"apps/web/src/app/(site)/watchlist/page.tsx","import { discoverPageAlternates, discoverSocialMeta } from '@/lib/seoSocial'"
"apps/web/src/app/_shells/DetailShell.tsx","import type { ReactNode } from 'react'"
"apps/web/src/app/_shells/DetailShell.tsx","import { DetailAppChrome } from '@/components/AppChrome/DetailAppChrome'"
"apps/web/src/app/_shells/SiteShell.tsx","import type { ReactNode } from 'react'"
"apps/web/src/app/_shells/SiteShell.tsx","import { AppChrome } from '@/components/AppChrome/AppChrome'"
"apps/web/src/app/_shells/SiteShell.tsx","import { DesignThemeProvider } from '@/components/DesignThemeProvider/DesignThemeProvider'"
"apps/web/src/app/_shells/SiteShell.tsx","import { PerformanceMonitor } from '@/components/PerformanceMonitor/PerformanceMonitor'"
"apps/web/src/app/api/auth/[...nextauth]/route.ts","import NextAuth from 'next-auth'"
"apps/web/src/app/api/auth/[...nextauth]/route.ts","import CredentialsProvider from 'next-auth/providers/credentials'"
"apps/web/src/app/api/auth/[...nextauth]/route.ts","import GitHubProvider from 'next-auth/providers/github'"
"apps/web/src/app/api/auth/[...nextauth]/route.ts","import GoogleProvider from 'next-auth/providers/google'"
"apps/web/src/app/api/cartoons-discover/route.ts","import { NextRequest, NextResponse } from 'next/server'"
"apps/web/src/app/api/cartoons-discover/route.ts","import { checkRateLimit, getRequestIp } from '@/lib/rateLimit'"
"apps/web/src/app/api/cartoons-discover/route.ts","import {"
"apps/web/src/app/api/discover/route.ts","import { NextRequest, NextResponse } from 'next/server'"
"apps/web/src/app/api/discover/route.ts","import { checkRateLimit, getRequestIp } from '@/lib/rateLimit'"
"apps/web/src/app/api/discover/route.ts","import {"
"apps/web/src/app/api/random-movie/route.ts","import { NextRequest, NextResponse } from 'next/server'"
"apps/web/src/app/api/random-movie/route.ts","import { FETCH_REVALIDATE_RANDOM_MOVIE } from '@/lib/cachePolicy'"
"apps/web/src/app/api/random-movie/route.ts","import { checkRateLimit, getRequestIp } from '@/lib/rateLimit'"
"apps/web/src/app/api/revalidate/route.ts","import { revalidateTag } from 'next/cache'"
"apps/web/src/app/api/revalidate/route.ts","import { NextRequest, NextResponse } from 'next/server'"
"apps/web/src/app/api/revalidate/route.ts","import {"
"apps/web/src/app/api/search/route.ts","import { NextRequest, NextResponse } from 'next/server'"
"apps/web/src/app/api/search/route.ts","import { checkRateLimit, getRequestIp } from '@/lib/rateLimit'"
"apps/web/src/app/api/seo/indexnow/route.ts","import { NextRequest, NextResponse } from 'next/server'"
"apps/web/src/app/api/seo/indexnow/route.ts","import { runIndexNowPipeline } from '@/lib/indexnowPipeline'"
"apps/web/src/app/api/seo/indexnow/route.ts","import { SITE_URL } from '@/lib/site'"
"apps/web/src/app/api/series-discover/route.ts","import { NextRequest, NextResponse } from 'next/server'"
"apps/web/src/app/api/series-discover/route.ts","import { checkRateLimit, getRequestIp } from '@/lib/rateLimit'"
"apps/web/src/app/api/series-discover/route.ts","import {"
"apps/web/src/app/api/tv/[id]/season/[seasonNumber]/route.ts","import { NextResponse } from 'next/server'"
"apps/web/src/app/api/tv/[id]/season/[seasonNumber]/route.ts","import { ROUTE_REVALIDATE_MEDIA_DETAIL } from '@/lib/cachePolicy'"
"apps/web/src/app/api/tv/[id]/seasons/route.ts","import { NextResponse } from 'next/server'"
"apps/web/src/app/api/tv/[id]/seasons/route.ts","import { ROUTE_REVALIDATE_MEDIA_DETAIL } from '@/lib/cachePolicy'"
"apps/web/src/app/api/tvshows-discover/route.ts","import { NextRequest, NextResponse } from 'next/server'"
"apps/web/src/app/api/tvshows-discover/route.ts","import { checkRateLimit, getRequestIp } from '@/lib/rateLimit'"
"apps/web/src/app/api/tvshows-discover/route.ts","import {"
"apps/web/src/app/api/watchlist-items/route.ts","import type { MediaType } from '@repo/types'"
"apps/web/src/app/api/watchlist-items/route.ts","import { NextRequest, NextResponse } from 'next/server'"
"apps/web/src/app/api/watchlist-items/route.ts","import { detailPathForMedia } from '@/lib/slug'"
"apps/web/src/app/api/watchlist-items/route.ts","import { getMoviePageDataShell, getTvPageDataShell } from '@/lib/tmdb'"
"apps/web/src/app/api/watchlist-movies/route.ts","import { NextRequest, NextResponse } from 'next/server'"
"apps/web/src/app/api/watchlist-movies/route.ts","import { getMoviePageDataShell } from '@/lib/tmdb'"
"apps/web/src/app/error.tsx","import { useEffect } from 'react'"
"apps/web/src/app/error.tsx","import styles from './error.module.css'"
"apps/web/src/app/icon.tsx","import { ImageResponse } from 'next/og'"
"apps/web/src/app/indexnow-key/route.ts","import { NextResponse } from 'next/server'"
"apps/web/src/app/layout.tsx","import type { Metadata } from 'next'"
"apps/web/src/app/layout.tsx","import { Inter, Plus_Jakarta_Sans } from 'next/font/google'"
"apps/web/src/app/layout.tsx","import { headers } from 'next/headers'"
"apps/web/src/app/layout.tsx","import { ServiceWorkerRegistration } from '@/components/ServiceWorkerRegistration'"
"apps/web/src/app/layout.tsx","import { SEO_CONTACT_EMAIL, SEO_LAST_REVIEWED_AT, SEO_PUBLISHER_NAME } from '@/lib/seoFreshness'"
"apps/web/src/app/layout.tsx","import { SITE_URL } from '@/lib/site'"
"apps/web/src/app/layout.tsx","import '@/styles/globals.css'"
"apps/web/src/app/layout.tsx","import '@/styles/design-tokens.generated.css'"
"apps/web/src/app/layout.tsx","import '@/styles/tailwind.css'"
"apps/web/src/app/layout.tsx","import '@/styles/base.css'"
"apps/web/src/app/layout.tsx","import '@/styles/keyframes-motion.css'"
"apps/web/src/app/layout.tsx","import '@/styles/app-layers.css'"
"apps/web/src/app/llms.txt/route.ts","import { SITE_URL } from '@/lib/site'"
"apps/web/src/app/loading.tsx","import { MediaShelfSkeletonLight } from '@/components/MediaShelf/MediaShelfSkeletonLight'"
"apps/web/src/app/loading.tsx","import styles from './loading.module.css'"
"apps/web/src/app/manifest.ts","import type { MetadataRoute } from 'next'"
"apps/web/src/app/not-found.tsx","import type { Metadata } from 'next'"
"apps/web/src/app/not-found.tsx","import { EmptyState } from '@/components/EmptyState/EmptyState'"
"apps/web/src/app/not-found.tsx","import { WebPageJsonLd } from '@/components/WebPageJsonLd/WebPageJsonLd'"
"apps/web/src/app/opengraph-image.tsx","import { ImageResponse } from 'next/og'"
"apps/web/src/app/opengraph-image.tsx","import { fontWeight, layoutWidth, letterSpacing, lineHeight } from '@/theme/tokens/size'"
"apps/web/src/app/robots.ts","import type { MetadataRoute } from 'next'"
"apps/web/src/app/robots.ts","import { SITE_URL } from '@/lib/site'"
"apps/web/src/app/sitemap.ts","import { statSync } from 'node:fs'"
"apps/web/src/app/sitemap.ts","import { join } from 'node:path'"
"apps/web/src/app/sitemap.ts","import type { MetadataRoute } from 'next'"
"apps/web/src/app/sitemap.ts","import { SITE_URL } from '@/lib/site'"
"apps/web/src/app/sitemap.ts","import { fetchDiscoverUrlsForSitemap } from '@/lib/sitemapDiscoverUrls'"
"apps/web/src/app/sitemap.ts","import { chunkSitemapEntries, toSitemapIds } from '@/lib/sitemapUtils'"
"apps/web/src/components/AppChrome/AppChrome.tsx","import dynamic from 'next/dynamic'"
"apps/web/src/components/AppChrome/AppChrome.tsx","import type { ReactNode } from 'react'"
"apps/web/src/components/AppChrome/AppChrome.tsx","import { SessionProvider } from '@/components/Providers/SessionProvider'"
"apps/web/src/components/AppChrome/AppChrome.tsx","import { ToastProvider } from '@/components/Toast/Toast'"
"apps/web/src/components/AppChrome/AppChrome.tsx","import('@/components/DeferredAppChrome/DeferredAppChrome').then((m) => m.DeferredRippleScroll),"
"apps/web/src/components/AppChrome/AppChrome.tsx","import('@/components/NavigationProgress/NavigationProgress').then((m) => m.NavigationProgress),"
"apps/web/src/components/AppChrome/DetailAppChrome.tsx","import dynamic from 'next/dynamic'"
"apps/web/src/components/AppChrome/DetailAppChrome.tsx","import type { ReactNode } from 'react'"
"apps/web/src/components/AppChrome/DetailAppChrome.tsx","import { SessionProvider } from '@/components/Providers/SessionProvider'"
"apps/web/src/components/AppChrome/DetailAppChrome.tsx","import { ToastProvider } from '@/components/Toast/Toast'"
"apps/web/src/components/BackToTop/BackToTop.tsx","import { useCallback, useEffect, useState } from 'react'"
"apps/web/src/components/BackToTop/BackToTop.tsx","import iconSlot from '@/components/IconSlot/iconSlot.module.css'"
"apps/web/src/components/BackToTop/BackToTop.tsx","import styles from './BackToTop.module.css'"
"apps/web/src/components/CardsGrid/CardsGrid.tsx","import type { ReactNode } from 'react'"
"apps/web/src/components/CardsGrid/CardsGrid.tsx","import { gridColumnClasses, gridGapClasses } from '@/classes'"
"apps/web/src/components/CardsGrid/CardsGrid.tsx","import type { GridColumnKey, GridGapKey } from '@/theme/tokens/size'"
"apps/web/src/components/CountrySelect/CountrySelect.tsx","import * as Flags from 'country-flag-icons/react/3x2'"
"apps/web/src/components/CountrySelect/CountrySelect.tsx","import { useEffect, useRef, useState } from 'react'"
"apps/web/src/components/CountrySelect/CountrySelect.tsx","import iconSlot from '@/components/IconSlot/iconSlot.module.css'"
"apps/web/src/components/CountrySelect/CountrySelect.tsx","import styles from './CountrySelect.module.css'"
"apps/web/src/components/DeferredAppChrome/DeferredAppChrome.tsx","import { BackToTop } from '@/components/BackToTop/BackToTop'"
"apps/web/src/components/DeferredAppChrome/DeferredAppChrome.tsx","import { Ripple } from '@/components/Ripple/Ripple'"
"apps/web/src/components/DeferredAppChrome/DeferredAppChrome.tsx","import { ScrollProgressBar } from '@/components/ScrollProgressBar/ScrollProgressBar'"
"apps/web/src/components/DesignThemeProvider/DesignThemeProvider.tsx","import { applyTheme, createTheme } from '@web-loom/design-core/utils'"
"apps/web/src/components/DesignThemeProvider/DesignThemeProvider.tsx","import { useEffect } from 'react'"
"apps/web/src/components/DesignThemeProvider/DesignThemeProvider.tsx","import {"
"apps/web/src/components/EmptyState/EmptyState.tsx","import Link from 'next/link'"
"apps/web/src/components/EmptyState/EmptyState.tsx","import type { ReactNode } from 'react'"
"apps/web/src/components/EmptyState/EmptyState.tsx","import styles from './EmptyState.module.css'"
"apps/web/src/components/FadeInView/FadeInView.tsx","import type { ReactNode } from 'react'"
"apps/web/src/components/Footer/Footer.tsx","import { ExternalLink, Play } from 'lucide-react'"
"apps/web/src/components/Footer/Footer.tsx","import Link from 'next/link'"
"apps/web/src/components/Footer/Footer.tsx","import { FadeInView } from '@/components/FadeInView/FadeInView'"
"apps/web/src/components/Footer/Footer.tsx","import iconSlot from '@/components/IconSlot/iconSlot.module.css'"
"apps/web/src/components/Footer/Footer.tsx","import styles from './Footer.module.css'"
"apps/web/src/components/Footer/Footer.tsx","import {"
"apps/web/src/components/Footer/FooterClient.tsx","import { ArrowRight } from 'lucide-react'"
"apps/web/src/components/Footer/FooterClient.tsx","import { usePathname } from 'next/navigation'"
"apps/web/src/components/Footer/FooterClient.tsx","import { useCallback, useEffect, useRef, useState } from 'react'"
"apps/web/src/components/Footer/FooterClient.tsx","import iconSlot from '@/components/IconSlot/iconSlot.module.css'"
"apps/web/src/components/Footer/FooterClient.tsx","import styles from './Footer.module.css'"
"apps/web/src/components/Header/Header.tsx","import { Button } from '@repo/ui/button'"
"apps/web/src/components/Header/Header.tsx","import Image from 'next/image'"
"apps/web/src/components/Header/Header.tsx","import Link from 'next/link'"
"apps/web/src/components/Header/Header.tsx","import { usePathname, useRouter } from 'next/navigation'"
"apps/web/src/components/Header/Header.tsx","import type { ReactNode } from 'react'"
"apps/web/src/components/Header/Header.tsx","import { useCallback, useEffect, useRef, useState } from 'react'"
"apps/web/src/components/Header/Header.tsx","import iconSlot from '@/components/IconSlot/iconSlot.module.css'"
"apps/web/src/components/Header/Header.tsx","import { SearchBar } from '@/components/SearchBar/SearchBar'"
"apps/web/src/components/Header/Header.tsx","import { clearUser, getUser } from '@/lib/auth-client'"
"apps/web/src/components/Header/Header.tsx","import { getNextSelectionIndex } from './drawerSearch.utils'"
"apps/web/src/components/Header/Header.tsx","import styles from './Header.module.css'"
"apps/web/src/components/Header/Header.tsx","import { HeaderBreadcrumb, HeaderContextTint, useNavKeyboard } from './HeaderExtras'"
"apps/web/src/components/Header/HeaderExtras.tsx","import Link from 'next/link'"
"apps/web/src/components/Header/HeaderExtras.tsx","import { usePathname } from 'next/navigation'"
"apps/web/src/components/Header/HeaderExtras.tsx","import { useEffect } from 'react'"
"apps/web/src/components/Header/HeaderExtras.tsx","import styles from './Header.module.css'"
"apps/web/src/components/Header/drawerSearch.utils.test.ts","import { describe, expect, it } from 'vitest'"
"apps/web/src/components/Header/drawerSearch.utils.test.ts","import { getNextSelectionIndex, hasLikelySessionCookie } from './drawerSearch.utils'"
"apps/web/src/components/HeroSection/HeroSection.tsx","import type { MediaType } from '@repo/types'"
"apps/web/src/components/HeroSection/HeroSection.tsx","import Image from 'next/image'"
"apps/web/src/components/HeroSection/HeroSection.tsx","import Link from 'next/link'"
"apps/web/src/components/HeroSection/HeroSection.tsx","import { useCallback, useEffect, useLayoutEffect, useRef, useState } from 'react'"
"apps/web/src/components/HeroSection/HeroSection.tsx","import { createPortal } from 'react-dom'"
"apps/web/src/components/HeroSection/HeroSection.tsx","import styles from './HeroSection.module.css'"
"apps/web/src/components/HomeDiscoverShelves/HomeDiscoverShelves.tsx","import Link from 'next/link'"
"apps/web/src/components/HomeDiscoverShelves/HomeDiscoverShelves.tsx","import { MediaShelf } from '@/components/MediaShelf/MediaShelf'"
"apps/web/src/components/HomeDiscoverShelves/HomeDiscoverShelves.tsx","import { PopularActorsShelf } from '@/components/PopularActorsShelf/PopularActorsShelf'"
"apps/web/src/components/HomeDiscoverShelves/HomeDiscoverShelves.tsx","import {"
"apps/web/src/components/HomeDiscoverShelves/HomeDiscoverShelves.tsx","import styles from './HomeDiscoverShelves.module.css'"
"apps/web/src/components/HomeDiscoverShelves/HomeShelvesFallback.tsx","import { MediaShelfSkeletonLight } from '@/components/MediaShelf/MediaShelfSkeletonLight'"
"apps/web/src/components/HomeLcpPreloadLinks.tsx","import type { HeroItem, ShelfItem } from '@/lib/tmdb'"
"apps/web/src/components/HomeLcpPreloadLinks.tsx","import { getImageUrl } from '@/lib/tmdb'"
"apps/web/src/components/LegalDocument/LegalDocument.tsx","import type { ReactNode } from 'react'"
"apps/web/src/components/LegalDocument/LegalDocument.tsx","import styles from './LegalDocument.module.css'"
"apps/web/src/components/LoginForm/LoginForm.tsx","import { Button } from '@repo/ui/button'"
"apps/web/src/components/LoginForm/LoginForm.tsx","import Link from 'next/link'"
"apps/web/src/components/LoginForm/LoginForm.tsx","import { useRouter } from 'next/navigation'"
"apps/web/src/components/LoginForm/LoginForm.tsx","import { useState } from 'react'"
"apps/web/src/components/LoginForm/LoginForm.tsx","import iconSlot from '@/components/IconSlot/iconSlot.module.css'"
"apps/web/src/components/LoginForm/LoginForm.tsx","import { parseStoredUser, saveUser } from '@/lib/auth-client'"
"apps/web/src/components/LoginForm/LoginForm.tsx","import styles from './LoginForm.module.css'"
"apps/web/src/components/MediaCard/MediaCard.tsx","import type { MediaType } from '@repo/types'"
"apps/web/src/components/MediaCard/MediaCard.tsx","import { Calendar, Clock } from 'lucide-react'"
"apps/web/src/components/MediaCard/MediaCard.tsx","import Image from 'next/image'"
"apps/web/src/components/MediaCard/MediaCard.tsx","import Link from 'next/link'"
"apps/web/src/components/MediaCard/MediaCard.tsx","import {"
"apps/web/src/components/MediaCard/MediaCard.tsx","import { usePrefersReducedMotion } from '@/hooks/usePrefersReducedMotion'"
"apps/web/src/components/MediaCard/MediaCard.tsx","import type { PosterFocalPercent } from '@/lib/posterFaceFocalPoint'"
"apps/web/src/components/MediaCard/MediaCard.tsx","import { detectPosterFocalPoint } from '@/lib/posterFaceFocalPoint'"
"apps/web/src/components/MediaCard/MediaCard.tsx","import { detailPathForShelfItem } from '@/lib/slug'"
"apps/web/src/components/MediaCard/MediaCard.tsx","import type { CardSizeKey } from '@/theme/tokens/size'"
"apps/web/src/components/MediaCard/MediaCard.tsx","import styles from './MediaCard.module.css'"
"apps/web/src/components/MediaShelf/MediaShelf.tsx","import Link from 'next/link'"
"apps/web/src/components/MediaShelf/MediaShelf.tsx","import { useCallback, useEffect, useId, useRef, useState } from 'react'"
"apps/web/src/components/MediaShelf/MediaShelf.tsx","import { MediaCard } from '@/components/MediaCard/MediaCard'"
"apps/web/src/components/MediaShelf/MediaShelf.tsx","import { ShelfRevealShell } from '@/components/ShelfRevealShell/ShelfRevealShell'"
"apps/web/src/components/MediaShelf/MediaShelf.tsx","import type { ShelfItem } from '@/lib/tmdb'"
"apps/web/src/components/MediaShelf/MediaShelf.tsx","import type { CardSizeKey } from '@/theme/tokens/size'"
"apps/web/src/components/MediaShelf/MediaShelf.tsx","import styles from './MediaShelf.module.css'"
"apps/web/src/components/MediaShelf/MediaShelfSkeletonLight.tsx","import shelfStyles from './MediaShelf.module.css'"
"apps/web/src/components/MediaShelf/MediaShelfSkeletonLight.tsx","import lightStyles from './MediaShelfSkeletonLight.module.css'"
"apps/web/src/components/MovieDetailPage/HeroLcpPreloadLinks.tsx","import { getImageUrl } from '@/lib/tmdb'"
"apps/web/src/components/MovieDetailPage/MovieCastSection.tsx","import { Users } from 'lucide-react'"
"apps/web/src/components/MovieDetailPage/MovieCastSection.tsx","import Image from 'next/image'"
"apps/web/src/components/MovieDetailPage/MovieCastSection.tsx","import Link from 'next/link'"
"apps/web/src/components/MovieDetailPage/MovieCastSection.tsx","import iconSlot from '@/components/IconSlot/iconSlot.module.css'"
"apps/web/src/components/MovieDetailPage/MovieCastSection.tsx","import { PERSON_PROFILE_IMAGE_SIZES, PERSON_PROFILE_IMAGE_TMDB_SIZE } from '@/lib/imageSizes'"
"apps/web/src/components/MovieDetailPage/MovieCastSection.tsx","import { personPath } from '@/lib/slug'"
"apps/web/src/components/MovieDetailPage/MovieCastSection.tsx","import type { MoviePageCastMember } from '@/lib/tmdb'"
"apps/web/src/components/MovieDetailPage/MovieCastSection.tsx","import { getImageUrl } from '@/lib/tmdb'"
"apps/web/src/components/MovieDetailPage/MovieCastSection.tsx","import styles from './MovieCastSection.module.css'"
"apps/web/src/components/MovieDetailPage/MovieCollectionSection.tsx","import { type DetailMediaKind, detailPathForMedia } from '@/lib/slug'"
"apps/web/src/components/MovieDetailPage/MovieCollectionSection.tsx","import type { MoviePageCardItem } from '@/lib/tmdb'"
"apps/web/src/components/MovieDetailPage/MovieCollectionSection.tsx","import styles from './MovieCollectionSection.module.css'"
"apps/web/src/components/MovieDetailPage/MovieCollectionSection.tsx","import { MovieSimilarRailCard } from './MovieSimilarRailCard'"
"apps/web/src/components/MovieDetailPage/MovieComments.tsx","import { useEffect, useMemo, useState } from 'react'"
"apps/web/src/components/MovieDetailPage/MovieComments.tsx","import type { DetailMediaKind } from '@/lib/slug'"
"apps/web/src/components/MovieDetailPage/MovieComments.tsx","import styles from './MovieComments.module.css'"
"apps/web/src/components/MovieDetailPage/MovieCommentsRoot.client.tsx","import dynamic from 'next/dynamic'"
"apps/web/src/components/MovieDetailPage/MovieCommentsRoot.client.tsx","import type { DetailMediaKind } from '@/lib/slug'"
"apps/web/src/components/MovieDetailPage/MovieCommentsRoot.client.tsx","import styles from './MovieComments.module.css'"
"apps/web/src/components/MovieDetailPage/MovieDetailBelowFoldDynamics.tsx","import dynamic from 'next/dynamic'"
"apps/web/src/components/MovieDetailPage/MovieDetailBelowFoldDynamics.tsx","import styles from './MovieDetailPage.module.css'"
"apps/web/src/components/MovieDetailPage/MovieDetailPage.tsx","import { ChevronLeft, Clock, Star } from 'lucide-react'"
"apps/web/src/components/MovieDetailPage/MovieDetailPage.tsx","import Image from 'next/image'"
"apps/web/src/components/MovieDetailPage/MovieDetailPage.tsx","import Link from 'next/link'"
"apps/web/src/components/MovieDetailPage/MovieDetailPage.tsx","import { type ReactNode, ViewTransition } from 'react'"
"apps/web/src/components/MovieDetailPage/MovieDetailPage.tsx","import { FadeInView } from '@/components/FadeInView/FadeInView'"
"apps/web/src/components/MovieDetailPage/MovieDetailPage.tsx","import iconSlot from '@/components/IconSlot/iconSlot.module.css'"
"apps/web/src/components/MovieDetailPage/MovieDetailPage.tsx","import { blurHashToDataUrl } from '@/lib/blurhashToDataUrl'"
"apps/web/src/components/MovieDetailPage/MovieDetailPage.tsx","import { movieGenrePathById } from '@/lib/movieGenreRoute'"
"apps/web/src/components/MovieDetailPage/MovieDetailPage.tsx","import type { DetailMediaKind } from '@/lib/slug'"
"apps/web/src/components/MovieDetailPage/MovieDetailPage.tsx","import { containsCyrillic } from '@/lib/textScript'"
"apps/web/src/components/MovieDetailPage/MovieDetailPage.tsx","import type { MoviePageDetail } from '@/lib/tmdb'"
"apps/web/src/components/MovieDetailPage/MovieDetailPage.tsx","import { getImageUrl } from '@/lib/tmdb'"
"apps/web/src/components/MovieDetailPage/MovieDetailPage.tsx","import { MovieCommentsRoot } from './MovieCommentsRoot.client'"
"apps/web/src/components/MovieDetailPage/MovieDetailPage.tsx","import {"
"apps/web/src/components/MovieDetailPage/MovieDetailPage.tsx","import styles from './MovieDetailPage.module.css'"
"apps/web/src/components/MovieDetailPage/MovieDetailPage.tsx","import { MovieHeroBackdropImage } from './MovieHeroBackdropImage'"
"apps/web/src/components/MovieDetailPage/MovieDetailPage.tsx","import { MovieHeroTrailerActions } from './MovieHeroTrailerActions'"
"apps/web/src/components/MovieDetailPage/MovieDetailPage.tsx","import { MoviePrimarySummaryPanel } from './MoviePrimarySummaryPanel'"
"apps/web/src/components/MovieDetailPage/MovieDetailPage.tsx","import { MovieShareButton } from './MovieShareButton'"
"apps/web/src/components/MovieDetailPage/MovieDetailPage.tsx","import { MovieWatchProvidersPanel } from './MovieWatchProvidersPanel'"
"apps/web/src/components/MovieDetailPage/MovieDetailPageLite.tsx","import Image from 'next/image'"
"apps/web/src/components/MovieDetailPage/MovieDetailPageLite.tsx","import Link from 'next/link'"
"apps/web/src/components/MovieDetailPage/MovieDetailPageLite.tsx","import { movieGenrePathById } from '@/lib/movieGenreRoute'"
"apps/web/src/components/MovieDetailPage/MovieDetailPageLite.tsx","import type { DetailMediaKind } from '@/lib/slug'"
"apps/web/src/components/MovieDetailPage/MovieDetailPageLite.tsx","import type { MoviePageDetail } from '@/lib/tmdb'"
"apps/web/src/components/MovieDetailPage/MovieDetailPageLite.tsx","import { getImageUrl } from '@/lib/tmdb'"
"apps/web/src/components/MovieDetailPage/MovieDetailPageLite.tsx","import { MovieCastSection } from './MovieCastSection'"
"apps/web/src/components/MovieDetailPage/MovieDetailPageLite.tsx","import styles from './MovieDetailPage.module.css'"
"apps/web/src/components/MovieDetailPage/MovieDetailPageLite.tsx","import { MovieFaqAccordion } from './MovieFaqAccordion'"
"apps/web/src/components/MovieDetailPage/MovieDetailStreamedBelowFold.tsx","import type { ReactNode } from 'react'"
"apps/web/src/components/MovieDetailPage/MovieDetailStreamedBelowFold.tsx","import type { DetailMediaKind } from '@/lib/slug'"
"apps/web/src/components/MovieDetailPage/MovieDetailStreamedBelowFold.tsx","import {"
"apps/web/src/components/MovieDetailPage/MovieDetailStreamedBelowFold.tsx","import { MovieCommentsRoot } from './MovieCommentsRoot.client'"
"apps/web/src/components/MovieDetailPage/MovieDetailStreamedBelowFold.tsx","import {"
"apps/web/src/components/MovieDetailPage/MovieDetailTvDynamics.tsx","import dynamic from 'next/dynamic'"
"apps/web/src/components/MovieDetailPage/MovieDetailTvDynamics.tsx","import styles from './MovieDetailPage.module.css'"
"apps/web/src/components/MovieDetailPage/MovieFaqAccordion.tsx","import styles from './MovieDetailPage.module.css'"
"apps/web/src/components/MovieDetailPage/MovieHeroBackdropCarousel.tsx","import {"
"apps/web/src/components/MovieDetailPage/MovieHeroBackdropCarousel.tsx","import { usePrefersReducedMotion } from '@/hooks/usePrefersReducedMotion'"
"apps/web/src/components/MovieDetailPage/MovieHeroBackdropCarousel.tsx","import styles from './MovieHeroBackdropCarousel.module.css'"
"apps/web/src/components/MovieDetailPage/MovieHeroBackdropCarousel.tsx","import { MovieHeroBackdropImage } from './MovieHeroBackdropImage'"
"apps/web/src/components/MovieDetailPage/MovieHeroBackdropImage.tsx","import Image, { type ImageProps } from 'next/image'"
"apps/web/src/components/MovieDetailPage/MovieHeroTrailerActions.tsx","import type { MediaType } from '@repo/types'"
"apps/web/src/components/MovieDetailPage/MovieHeroTrailerActions.tsx","import { useCallback, useEffect, useState } from 'react'"
"apps/web/src/components/MovieDetailPage/MovieHeroTrailerActions.tsx","import { useToast } from '@/components/Toast/Toast'"
"apps/web/src/components/MovieDetailPage/MovieHeroTrailerActions.tsx","import { isInLocalWatchlist, toggleLocalWatchlistItem } from '@/lib/localWatchlist'"
"apps/web/src/components/MovieDetailPage/MovieHeroTrailerActions.tsx","import styles from './MovieDetailPage.module.css'"
"apps/web/src/components/MovieDetailPage/MovieHeroTrailerActions.tsx","import { OPEN_MOVIE_TRAILER_EVENT } from './movieTrailerEvents'"
"apps/web/src/components/MovieDetailPage/MovieOverviewBlock.tsx","import styles from './MovieOverviewBlock.module.css'"
"apps/web/src/components/MovieDetailPage/MoviePhotosSection.client.tsx","import Image from 'next/image'"
"apps/web/src/components/MovieDetailPage/MoviePhotosSection.client.tsx","import { useEffect, useMemo, useState } from 'react'"
"apps/web/src/components/MovieDetailPage/MoviePhotosSection.client.tsx","import { createPortal } from 'react-dom'"
"apps/web/src/components/MovieDetailPage/MoviePhotosSection.client.tsx","import iconSlot from '@/components/IconSlot/iconSlot.module.css'"
"apps/web/src/components/MovieDetailPage/MoviePhotosSection.client.tsx","import { getImageUrl } from '@/lib/tmdb'"
"apps/web/src/components/MovieDetailPage/MoviePhotosSection.client.tsx","import styles from './MoviePhotosSection.module.css'"
"apps/web/src/components/MovieDetailPage/MoviePhotosSection.tsx","import Image from 'next/image'"
"apps/web/src/components/MovieDetailPage/MoviePhotosSection.tsx","import { useId } from 'react'"
"apps/web/src/components/MovieDetailPage/MoviePhotosSection.tsx","import iconSlot from '@/components/IconSlot/iconSlot.module.css'"
"apps/web/src/components/MovieDetailPage/MoviePhotosSection.tsx","import type { MovieBackdropStill } from '@/lib/tmdb'"
"apps/web/src/components/MovieDetailPage/MoviePhotosSection.tsx","import { getImageUrl } from '@/lib/tmdb'"
"apps/web/src/components/MovieDetailPage/MoviePhotosSection.tsx","import { MoviePhotosSectionClient } from './MoviePhotosSection.client'"
"apps/web/src/components/MovieDetailPage/MoviePhotosSection.tsx","import styles from './MoviePhotosSection.module.css'"
"apps/web/src/components/MovieDetailPage/MoviePrimaryRatingsRow.tsx","import styles from './MoviePrimarySummaryPanel.module.css'"
"apps/web/src/components/MovieDetailPage/MoviePrimaryRatingsRow.tsx","import { MovieUserRatingCard } from './MovieUserRatingCard'"
"apps/web/src/components/MovieDetailPage/MoviePrimaryRatingsRow.tsx","import { TmdbLogoMark } from './TmdbLogoMark'"
"apps/web/src/components/MovieDetailPage/MoviePrimarySummaryActions.tsx","import type { MediaType } from '@repo/types'"
"apps/web/src/components/MovieDetailPage/MoviePrimarySummaryActions.tsx","import { useCallback, useEffect, useState } from 'react'"
"apps/web/src/components/MovieDetailPage/MoviePrimarySummaryActions.tsx","import { useToast } from '@/components/Toast/Toast'"
"apps/web/src/components/MovieDetailPage/MoviePrimarySummaryActions.tsx","import { isInLocalWatchlist, toggleLocalWatchlistItem } from '@/lib/localWatchlist'"
"apps/web/src/components/MovieDetailPage/MoviePrimarySummaryActions.tsx","import styles from './MoviePrimarySummaryPanel.module.css'"
"apps/web/src/components/MovieDetailPage/MoviePrimarySummaryActions.tsx","import { MovieShareButton } from './MovieShareButton'"
"apps/web/src/components/MovieDetailPage/MoviePrimarySummaryActions.tsx","import { OPEN_MOVIE_TRAILER_EVENT } from './movieTrailerEvents'"
"apps/web/src/components/MovieDetailPage/MoviePrimarySummaryPanel.tsx","import type { MediaType } from '@repo/types'"
"apps/web/src/components/MovieDetailPage/MoviePrimarySummaryPanel.tsx","import Link from 'next/link'"
"apps/web/src/components/MovieDetailPage/MoviePrimarySummaryPanel.tsx","import { movieGenrePathById } from '@/lib/movieGenreRoute'"
"apps/web/src/components/MovieDetailPage/MoviePrimarySummaryPanel.tsx","import { personPath } from '@/lib/slug'"
"apps/web/src/components/MovieDetailPage/MoviePrimarySummaryPanel.tsx","import type { MoviePageDetail } from '@/lib/tmdb'"
"apps/web/src/components/MovieDetailPage/MoviePrimarySummaryPanel.tsx","import { MovieOverviewBlock } from './MovieOverviewBlock'"
"apps/web/src/components/MovieDetailPage/MoviePrimarySummaryPanel.tsx","import { MoviePrimaryRatingsRow } from './MoviePrimaryRatingsRow'"
"apps/web/src/components/MovieDetailPage/MoviePrimarySummaryPanel.tsx","import { MoviePrimarySummaryActions } from './MoviePrimarySummaryActions'"
"apps/web/src/components/MovieDetailPage/MoviePrimarySummaryPanel.tsx","import styles from './MoviePrimarySummaryPanel.module.css'"
"apps/web/src/components/MovieDetailPage/MovieShareButton.tsx","import type { ReactNode } from 'react'"
"apps/web/src/components/MovieDetailPage/MovieShareButton.tsx","import { useCallback, useEffect, useId, useState } from 'react'"
"apps/web/src/components/MovieDetailPage/MovieShareButton.tsx","import { createPortal } from 'react-dom'"
"apps/web/src/components/MovieDetailPage/MovieShareButton.tsx","import iconSlot from '@/components/IconSlot/iconSlot.module.css'"
"apps/web/src/components/MovieDetailPage/MovieShareButton.tsx","import styles from './MovieShareButton.module.css'"
"apps/web/src/components/MovieDetailPage/MovieSimilarRailCard.tsx","import Image from 'next/image'"
"apps/web/src/components/MovieDetailPage/MovieSimilarRailCard.tsx","import Link from 'next/link'"
"apps/web/src/components/MovieDetailPage/MovieSimilarRailCard.tsx","import type { MoviePageCardItem } from '@/lib/tmdb'"
"apps/web/src/components/MovieDetailPage/MovieSimilarRailCard.tsx","import { getImageUrl } from '@/lib/tmdb'"
"apps/web/src/components/MovieDetailPage/MovieSimilarRailCard.tsx","import styles from './MovieSimilarRailCard.module.css'"
"apps/web/src/components/MovieDetailPage/MovieTrailerBlock.client.tsx","import { useCallback, useEffect, useState } from 'react'"
"apps/web/src/components/MovieDetailPage/MovieTrailerBlock.client.tsx","import { createPortal } from 'react-dom'"
"apps/web/src/components/MovieDetailPage/MovieTrailerBlock.client.tsx","import iconSlot from '@/components/IconSlot/iconSlot.module.css'"
"apps/web/src/components/MovieDetailPage/MovieTrailerBlock.client.tsx","import blockStyles from './MovieTrailerBlock.module.css'"
"apps/web/src/components/MovieDetailPage/MovieTrailerBlock.client.tsx","import { OPEN_MOVIE_TRAILER_EVENT } from './movieTrailerEvents'"
"apps/web/src/components/MovieDetailPage/MovieTrailerBlock.tsx","import { useId } from 'react'"
"apps/web/src/components/MovieDetailPage/MovieTrailerBlock.tsx","import { MovieTrailerBlockClient } from './MovieTrailerBlock.client'"
"apps/web/src/components/MovieDetailPage/MovieTrailerBlock.tsx","import blockStyles from './MovieTrailerBlock.module.css'"
"apps/web/src/components/MovieDetailPage/MovieUserRatingCard.tsx","import { useEffect, useState } from 'react'"
"apps/web/src/components/MovieDetailPage/MovieUserRatingCard.tsx","import styles from './MovieUserRatingCard.module.css'"
"apps/web/src/components/MovieDetailPage/MovieWatchProvidersPanel.tsx","import { ExternalLink } from 'lucide-react'"
"apps/web/src/components/MovieDetailPage/MovieWatchProvidersPanel.tsx","import Image from 'next/image'"
"apps/web/src/components/MovieDetailPage/MovieWatchProvidersPanel.tsx","import iconSlot from '@/components/IconSlot/iconSlot.module.css'"
"apps/web/src/components/MovieDetailPage/MovieWatchProvidersPanel.tsx","import type { MovieWatchProvidersUs } from '@/lib/tmdb'"
"apps/web/src/components/MovieDetailPage/MovieWatchProvidersPanel.tsx","import { buildWatchProviderUrl, getImageUrl } from '@/lib/tmdb'"
"apps/web/src/components/MovieDetailPage/MovieWatchProvidersPanel.tsx","import styles from './MovieWatchProvidersPanel.module.css'"
"apps/web/src/components/MoviesDiscoverPage/MoviesDiscoverPage.tsx","import { usePathname, useRouter } from 'next/navigation'"
"apps/web/src/components/MoviesDiscoverPage/MoviesDiscoverPage.tsx","import { forwardRef, type ComponentProps, useCallback, useEffect, useRef, useState } from 'react'"
"apps/web/src/components/MoviesDiscoverPage/MoviesDiscoverPage.tsx","import { VirtuosoGrid } from 'react-virtuoso'"
"apps/web/src/components/MoviesDiscoverPage/MoviesDiscoverPage.tsx","import { MediaCard } from '@/components/MediaCard/MediaCard'"
"apps/web/src/components/MoviesDiscoverPage/MoviesDiscoverPage.tsx","import type {"
"apps/web/src/components/MoviesDiscoverPage/MoviesDiscoverPage.tsx","import styles from './MoviesDiscoverPage.module.css'"
"apps/web/src/components/NavigationProgress/NavigationProgress.tsx","import { usePathname, useSearchParams } from 'next/navigation'"
"apps/web/src/components/NavigationProgress/NavigationProgress.tsx","import { useEffect, useRef, useState } from 'react'"
"apps/web/src/components/NavigationProgress/NavigationProgress.tsx","import styles from './NavigationProgress.module.css'"
"apps/web/src/components/PerformanceMonitor/PerformanceMonitor.tsx","import { PerformanceMonitorClient } from './PerformanceMonitorClient'"
"apps/web/src/components/PerformanceMonitor/PerformanceMonitorClient.tsx","import { usePerformanceMonitor } from '@/hooks/usePerformanceMonitor'"
"apps/web/src/components/PersonFilmography/PersonFilmography.tsx","import Link from 'next/link'"
"apps/web/src/components/PersonFilmography/PersonFilmography.tsx","import { useMemo, useState } from 'react'"
"apps/web/src/components/PersonFilmography/PersonFilmography.tsx","import { buildEntitySearchHref } from '@/lib/entitySearch'"
"apps/web/src/components/PersonFilmography/PersonFilmography.tsx","import { personCreditDetailPath } from '@/lib/personCredits'"
"apps/web/src/components/PersonFilmography/PersonFilmography.tsx","import type { PersonCreditRowRaw } from '@/lib/tmdb'"
"apps/web/src/components/PersonFilmography/PersonFilmography.tsx","import styles from './PersonFilmography.module.css'"
"apps/web/src/components/PersonFilmography/PersonFilmographyStream.tsx","import { getPersonCreditsCached } from '@/lib/personPageDataCache'"
"apps/web/src/components/PersonFilmography/PersonFilmographyStream.tsx","import { PersonFilmography } from './PersonFilmography'"
"apps/web/src/components/PersonPhotosRail/PersonPhotosRail.tsx","import { ChevronLeft, ChevronRight, X } from 'lucide-react'"
"apps/web/src/components/PersonPhotosRail/PersonPhotosRail.tsx","import Image from 'next/image'"
"apps/web/src/components/PersonPhotosRail/PersonPhotosRail.tsx","import { useCallback, useEffect, useRef, useState } from 'react'"
"apps/web/src/components/PersonPhotosRail/PersonPhotosRail.tsx","import { getImageUrl, type PersonImageRow } from '@/lib/tmdb'"
"apps/web/src/components/PersonPhotosRail/PersonPhotosRail.tsx","import styles from './PersonPhotosRail.module.css'"
"apps/web/src/components/PopularActorsShelf/PopularActorsShelf.tsx","import Image from 'next/image'"
"apps/web/src/components/PopularActorsShelf/PopularActorsShelf.tsx","import Link from 'next/link'"
"apps/web/src/components/PopularActorsShelf/PopularActorsShelf.tsx","import { useCallback, useEffect, useId, useRef, useState } from 'react'"
"apps/web/src/components/PopularActorsShelf/PopularActorsShelf.tsx","import iconSlot from '@/components/IconSlot/iconSlot.module.css'"
"apps/web/src/components/PopularActorsShelf/PopularActorsShelf.tsx","import { ShelfRevealShell } from '@/components/ShelfRevealShell/ShelfRevealShell'"
"apps/web/src/components/PopularActorsShelf/PopularActorsShelf.tsx","import { PERSON_PROFILE_IMAGE_SIZES, PERSON_PROFILE_IMAGE_TMDB_SIZE } from '@/lib/imageSizes'"
"apps/web/src/components/PopularActorsShelf/PopularActorsShelf.tsx","import { personPath } from '@/lib/slug'"
"apps/web/src/components/PopularActorsShelf/PopularActorsShelf.tsx","import type { PopularActorItem } from '@/lib/tmdb'"
"apps/web/src/components/PopularActorsShelf/PopularActorsShelf.tsx","import { getImageUrl } from '@/lib/tmdb'"
"apps/web/src/components/PopularActorsShelf/PopularActorsShelf.tsx","import styles from './PopularActorsShelf.module.css'"
"apps/web/src/components/ProfilePage/ProfilePage.tsx","import { Button } from '@repo/ui/button'"
"apps/web/src/components/ProfilePage/ProfilePage.tsx","import {"
"apps/web/src/components/ProfilePage/ProfilePage.tsx","import Link from 'next/link'"
"apps/web/src/components/ProfilePage/ProfilePage.tsx","import { useRouter } from 'next/navigation'"
"apps/web/src/components/ProfilePage/ProfilePage.tsx","import { useEffect, useRef, useState } from 'react'"
"apps/web/src/components/ProfilePage/ProfilePage.tsx","import iconSlot from '@/components/IconSlot/iconSlot.module.css'"
"apps/web/src/components/ProfilePage/ProfilePage.tsx","import { clearUser, getUser, saveUser, type User } from '@/lib/auth-client'"
"apps/web/src/components/ProfilePage/ProfilePage.tsx","import styles from './ProfilePage.module.css'"
"apps/web/src/components/Providers/SessionProvider.tsx","import { SessionProvider as NextAuthSessionProvider } from 'next-auth/react'"
"apps/web/src/components/Providers/SessionProvider.tsx","import type { ReactNode } from 'react'"
"apps/web/src/components/RandomMoviePage/RandomMoviePage.tsx","import { ArrowRight, Calendar, Clock, Dice5, Filter, Play, RotateCw, Star } from 'lucide-react'"
"apps/web/src/components/RandomMoviePage/RandomMoviePage.tsx","import Image from 'next/image'"
"apps/web/src/components/RandomMoviePage/RandomMoviePage.tsx","import Link from 'next/link'"
"apps/web/src/components/RandomMoviePage/RandomMoviePage.tsx","import { useCallback, useRef, useState } from 'react'"
"apps/web/src/components/RandomMoviePage/RandomMoviePage.tsx","import iconSlot from '@/components/IconSlot/iconSlot.module.css'"
"apps/web/src/components/RandomMoviePage/RandomMoviePage.tsx","import { movieGenrePathById } from '@/lib/movieGenreRoute'"
"apps/web/src/components/RandomMoviePage/RandomMoviePage.tsx","import { detailPathForShelfItem } from '@/lib/slug'"
"apps/web/src/components/RandomMoviePage/RandomMoviePage.tsx","import styles from './RandomMoviePage.module.css'"
"apps/web/src/components/RegisterForm/RegisterForm.tsx","import { Button } from '@repo/ui/button'"
"apps/web/src/components/RegisterForm/RegisterForm.tsx","import Link from 'next/link'"
"apps/web/src/components/RegisterForm/RegisterForm.tsx","import { signIn } from 'next-auth/react'"
"apps/web/src/components/RegisterForm/RegisterForm.tsx","import { useState } from 'react'"
"apps/web/src/components/RegisterForm/RegisterForm.tsx","import { CountrySelect } from '@/components/CountrySelect/CountrySelect'"
"apps/web/src/components/RegisterForm/RegisterForm.tsx","import iconSlot from '@/components/IconSlot/iconSlot.module.css'"
"apps/web/src/components/RegisterForm/RegisterForm.tsx","import styles from './RegisterForm.module.css'"
"apps/web/src/components/Ripple/Ripple.tsx","import { useEffect, useId, useState } from 'react'"
"apps/web/src/components/Ripple/Ripple.tsx","import { createPortal } from 'react-dom'"
"apps/web/src/components/Ripple/Ripple.tsx","import styles from './Ripple.module.css'"
"apps/web/src/components/ScrollProgressBar/ScrollProgressBar.tsx","import { useEffect, useState } from 'react'"
"apps/web/src/components/ScrollProgressBar/ScrollProgressBar.tsx","import { usePrefersReducedMotion } from '@/hooks/usePrefersReducedMotion'"
"apps/web/src/components/ScrollProgressBar/ScrollProgressBar.tsx","import styles from './ScrollProgressBar.module.css'"
"apps/web/src/components/SearchBar/SearchBar.tsx","import { Button } from '@repo/ui/button'"
"apps/web/src/components/SearchBar/SearchBar.tsx","import Image from 'next/image'"
"apps/web/src/components/SearchBar/SearchBar.tsx","import { useRouter } from 'next/navigation'"
"apps/web/src/components/SearchBar/SearchBar.tsx","import { useCallback, useEffect, useRef, useState } from 'react'"
"apps/web/src/components/SearchBar/SearchBar.tsx","import iconSlot from '@/components/IconSlot/iconSlot.module.css'"
"apps/web/src/components/SearchBar/SearchBar.tsx","import styles from './SearchBar.module.css'"
"apps/web/src/components/SearchPage/SearchPageClient.tsx","import Image from 'next/image'"
"apps/web/src/components/SearchPage/SearchPageClient.tsx","import Link from 'next/link'"
"apps/web/src/components/SearchPage/SearchPageClient.tsx","import { useCallback, useEffect, useState } from 'react'"
"apps/web/src/components/SearchPage/SearchPageClient.tsx","import { SearchBar } from '@/components/SearchBar/SearchBar'"
"apps/web/src/components/SearchPage/SearchPageClient.tsx","import { getImageUrl } from '@/lib/tmdb'"
"apps/web/src/components/SearchPage/SearchPageClient.tsx","import styles from './SearchPage.module.css'"
"apps/web/src/components/ServiceWorkerRegistration.tsx","import { useEffect } from 'react'"
"apps/web/src/components/ShelfRevealShell/ShelfRevealShell.tsx","import type { ReactNode } from 'react'"
"apps/web/src/components/Toast/Toast.tsx","import {"
"apps/web/src/components/Toast/Toast.tsx","import iconSlot from '@/components/IconSlot/iconSlot.module.css'"
"apps/web/src/components/Toast/Toast.tsx","import styles from './Toast.module.css'"
"apps/web/src/components/TvSeriesEpisodes/TvSeriesEpisodes.tsx","import Image from 'next/image'"
"apps/web/src/components/TvSeriesEpisodes/TvSeriesEpisodes.tsx","import { useEffect, useState } from 'react'"
"apps/web/src/components/TvSeriesEpisodes/TvSeriesEpisodes.tsx","import iconSlot from '@/components/IconSlot/iconSlot.module.css'"
"apps/web/src/components/TvSeriesEpisodes/TvSeriesEpisodes.tsx","import styles from './TvSeriesEpisodes.module.css'"
"apps/web/src/components/WatchlistPage/WatchlistPage.tsx","import type { MediaType } from '@repo/types'"
"apps/web/src/components/WatchlistPage/WatchlistPage.tsx","import Image from 'next/image'"
"apps/web/src/components/WatchlistPage/WatchlistPage.tsx","import Link from 'next/link'"
"apps/web/src/components/WatchlistPage/WatchlistPage.tsx","import { useEffect, useMemo, useState } from 'react'"
"apps/web/src/components/WatchlistPage/WatchlistPage.tsx","import {"
"apps/web/src/components/WatchlistPage/WatchlistPage.tsx","import { getImageUrl } from '@/lib/tmdb'"
"apps/web/src/components/WatchlistPage/WatchlistPage.tsx","import styles from './WatchlistPage.module.css'"
"apps/web/src/components/WebPageJsonLd/WebPageJsonLd.tsx","import { buildSiteHubBreadcrumbJsonLd, buildWebPageJsonLd } from '@/lib/jsonLdSite'"
"apps/web/src/hooks/usePerformanceMonitor.ts","import { useEffect, useRef, useState } from 'react'"
"apps/web/src/hooks/usePerformanceMonitor.ts","import { usePrefersReducedMotion } from './usePrefersReducedMotion'"
"apps/web/src/hooks/usePrefersReducedMotion.ts","import { useSyncExternalStore } from 'react'"
"apps/web/src/lib/cachePolicy.test.ts","import { describe, expect, it } from 'vitest'"
"apps/web/src/lib/cachePolicy.test.ts","import {"
"apps/web/src/lib/canonicalQuery.test.ts","import { describe, expect, it } from 'vitest'"
"apps/web/src/lib/canonicalQuery.test.ts","import { buildCanonicalPath } from './canonicalQuery'"
"apps/web/src/lib/cartoonDetailRoute.tsx","import type { Metadata } from 'next'"
"apps/web/src/lib/cartoonDetailRoute.tsx","import { notFound, redirect } from 'next/navigation'"
"apps/web/src/lib/cartoonDetailRoute.tsx","import { Suspense } from 'react'"
"apps/web/src/lib/cartoonDetailRoute.tsx","import { HeroLcpPreloadLinks } from '@/components/MovieDetailPage/HeroLcpPreloadLinks'"
"apps/web/src/lib/cartoonDetailRoute.tsx","import { MovieDetailBelowFoldSuspenseFallback } from '@/components/MovieDetailPage/MovieDetailBelowFoldDynamics'"
"apps/web/src/lib/cartoonDetailRoute.tsx","import {"
"apps/web/src/lib/cartoonDetailRoute.tsx","import { MovieDetailStreamedBelowFold } from '@/components/MovieDetailPage/MovieDetailStreamedBelowFold'"
"apps/web/src/lib/cartoonDetailRoute.tsx","import { jsonLdMainEntityId, jsonLdSameAsTmdb, jsonLdYoutubeVideoId } from '@/lib/jsonLdEntity'"
"apps/web/src/lib/cartoonDetailRoute.tsx","import { getMoviePageDataShellCached } from '@/lib/moviePageDataCache'"
"apps/web/src/lib/cartoonDetailRoute.tsx","import { discoverPageAlternates, discoverSocialMeta } from '@/lib/seoSocial'"
"apps/web/src/lib/cartoonDetailRoute.tsx","import { buildWatchSeoTitle } from '@/lib/seoTitles'"
"apps/web/src/lib/cartoonDetailRoute.tsx","import { SITE_URL } from '@/lib/site'"
"apps/web/src/lib/cartoonDetailRoute.tsx","import { cartoonPath, resolveMovieIdFromParam } from '@/lib/slug'"
"apps/web/src/lib/cartoonDetailRoute.tsx","import { containsCyrillic } from '@/lib/textScript'"
"apps/web/src/lib/cartoonDetailRoute.tsx","import { getImageUrl, type MoviePageDetail } from '@/lib/tmdb'"
"apps/web/src/lib/cartoonsDiscoverCopy.ts","import { buildCanonicalPath } from '@/lib/canonicalQuery'"
"apps/web/src/lib/cartoonsDiscoverCopy.ts","import {"
"apps/web/src/lib/cartoonsDiscoverCopy.ts","import type {"
"apps/web/src/lib/cartoonsDiscoverCopy.ts","import { moviesDiscoverActiveFilterKeys } from '@/lib/tmdb'"
"apps/web/src/lib/deviceTier.test.ts","import { afterEach, describe, expect, it, vi } from 'vitest'"
"apps/web/src/lib/deviceTier.test.ts","import {"
"apps/web/src/lib/indexnowPipeline.test.ts","import { describe, expect, it } from 'vitest'"
"apps/web/src/lib/indexnowPipeline.test.ts","import { normalizeAndDedupeUrls, runIndexNowPipeline } from './indexnowPipeline'"
"apps/web/src/lib/jsonLdEntity.ts","import { SITE_URL } from '@/lib/site'"
"apps/web/src/lib/jsonLdPerson.ts","import { jsonLdMainEntityId, jsonLdSameAsPerson } from '@/lib/jsonLdEntity'"
"apps/web/src/lib/jsonLdPerson.ts","import { SITE_URL } from '@/lib/site'"
"apps/web/src/lib/jsonLdPerson.ts","import { containsCyrillic } from '@/lib/textScript'"
"apps/web/src/lib/jsonLdPerson.ts","import type { PersonPageDetail } from '@/lib/tmdb'"
"apps/web/src/lib/jsonLdPerson.ts","import { getImageUrl } from '@/lib/tmdb'"
"apps/web/src/lib/jsonLdSite.ts","import {"
"apps/web/src/lib/jsonLdSite.ts","import { SITE_URL } from '@/lib/site'"
"apps/web/src/lib/localWatchlist.ts","import type { MediaType } from '@repo/types'"
"apps/web/src/lib/moviePageDataCache.ts","import { cache } from 'react'"
"apps/web/src/lib/moviePageDataCache.ts","import { getMoviePageDataShell, getTvPageDataShell } from '@/lib/tmdb'"
"apps/web/src/lib/moviesDiscoverCopy.ts","import { buildCanonicalPath } from '@/lib/canonicalQuery'"
"apps/web/src/lib/moviesDiscoverCopy.ts","import {"
"apps/web/src/lib/moviesDiscoverCopy.ts","import { movieGenrePathById } from '@/lib/movieGenreRoute'"
"apps/web/src/lib/moviesDiscoverCopy.ts","import type {"
"apps/web/src/lib/moviesDiscoverCopy.ts","import { moviesDiscoverActiveFilterKeys } from '@/lib/tmdb'"
"apps/web/src/lib/personCredits.ts","import { moviePath, seriesPath } from '@/lib/slug'"
"apps/web/src/lib/personCredits.ts","import type { PersonCreditRowRaw } from '@/lib/tmdb'"
"apps/web/src/lib/personPageDataCache.ts","import { cache } from 'react'"
"apps/web/src/lib/personPageDataCache.ts","import { getPersonCombinedCredits, getPersonImages } from '@/lib/tmdb'"
"apps/web/src/lib/rateLimit.test.ts","import { describe, expect, it } from 'vitest'"
"apps/web/src/lib/rateLimit.test.ts","import { checkRateLimit } from './rateLimit'"
"apps/web/src/lib/seoConsistencyCore.test.ts","import { describe, expect, it } from 'vitest'"
"apps/web/src/lib/seoConsistencyCore.test.ts","import {"
"apps/web/src/lib/seoCrawlBudgetCore.test.ts","import { describe, expect, it } from 'vitest'"
"apps/web/src/lib/seoCrawlBudgetCore.test.ts","import { parseRouteQueryKeys, toRouteDepths } from '../../scripts/seo-crawl-budget-core.mjs'"
"apps/web/src/lib/seoInternalLinksCore.test.ts","import { describe, expect, it } from 'vitest'"
"apps/web/src/lib/seoInternalLinksCore.test.ts","import {"
"apps/web/src/lib/seoSocial.ts","import type { Metadata } from 'next'"
"apps/web/src/lib/seoSocial.ts","import { SITE_URL } from '@/lib/site'"
"apps/web/src/lib/seriesDiscoverCopy.ts","import { buildCanonicalPath } from '@/lib/canonicalQuery'"
"apps/web/src/lib/seriesDiscoverCopy.ts","import {"
"apps/web/src/lib/seriesDiscoverCopy.ts","import type {"
"apps/web/src/lib/seriesDiscoverCopy.ts","import { seriesDiscoverActiveFilterKeys } from '@/lib/tmdb'"
"apps/web/src/lib/sitemapDiscoverUrls.ts","import type { MetadataRoute } from 'next'"
"apps/web/src/lib/sitemapDiscoverUrls.ts","import { SITE_URL } from '@/lib/site'"
"apps/web/src/lib/sitemapDiscoverUrls.ts","import { detailPathForMedia, moviePath, personPath } from '@/lib/slug'"
"apps/web/src/lib/sitemapDiscoverUrls.ts","import type { HeroItem, ShelfItem } from '@/lib/tmdb'"
"apps/web/src/lib/sitemapDiscoverUrls.ts","import {"
"apps/web/src/lib/sitemapUtils.test.ts","import { describe, expect, it } from 'vitest'"
"apps/web/src/lib/sitemapUtils.test.ts","import { chunkSitemapEntries, toSitemapIds } from './sitemapUtils'"
"apps/web/src/lib/sitemapUtils.ts","import type { MetadataRoute } from 'next'"
"apps/web/src/lib/slug.test.ts","import { describe, expect, it } from 'vitest'"
"apps/web/src/lib/slug.test.ts","import { detailPathForMedia, detailPathForShelfItem, releaseDateToYmd, seriesPath } from './slug'"
"apps/web/src/lib/slug.ts","import type { MediaType } from '@repo/types'"
"apps/web/src/lib/slug.ts","import { searchMovies, searchTvShows } from './tmdb'"
"apps/web/src/lib/tmdb.test.ts","import { afterEach, beforeEach, describe, expect, it, vi } from 'vitest'"
"apps/web/src/lib/tmdb.test.ts","import {"
"apps/web/src/lib/tmdb.ts","import type { MediaType } from '@repo/types'"
"apps/web/src/lib/tmdb.ts","import {"
"apps/web/src/lib/tmdb.ts","import { containsCyrillic } from './textScript'"
"apps/web/src/lib/tvSeriesDetailRoute.tsx","import type { Metadata } from 'next'"
"apps/web/src/lib/tvSeriesDetailRoute.tsx","import { notFound, permanentRedirect } from 'next/navigation'"
"apps/web/src/lib/tvSeriesDetailRoute.tsx","import { Suspense } from 'react'"
"apps/web/src/lib/tvSeriesDetailRoute.tsx","import { HeroLcpPreloadLinks } from '@/components/MovieDetailPage/HeroLcpPreloadLinks'"
"apps/web/src/lib/tvSeriesDetailRoute.tsx","import { MovieDetailBelowFoldSuspenseFallback } from '@/components/MovieDetailPage/MovieDetailBelowFoldDynamics'"
"apps/web/src/lib/tvSeriesDetailRoute.tsx","import {"
"apps/web/src/lib/tvSeriesDetailRoute.tsx","import { MovieDetailStreamedBelowFold } from '@/components/MovieDetailPage/MovieDetailStreamedBelowFold'"
"apps/web/src/lib/tvSeriesDetailRoute.tsx","import { TvSeriesEpisodesLazy } from '@/components/MovieDetailPage/MovieDetailTvDynamics'"
"apps/web/src/lib/tvSeriesDetailRoute.tsx","import { jsonLdMainEntityId, jsonLdSameAsTmdb, jsonLdYoutubeVideoId } from '@/lib/jsonLdEntity'"
"apps/web/src/lib/tvSeriesDetailRoute.tsx","import { getTvPageDataShellCached } from '@/lib/moviePageDataCache'"
"apps/web/src/lib/tvSeriesDetailRoute.tsx","import { discoverPageAlternates, discoverSocialMeta } from '@/lib/seoSocial'"
"apps/web/src/lib/tvSeriesDetailRoute.tsx","import { buildWatchSeoTitle } from '@/lib/seoTitles'"
"apps/web/src/lib/tvSeriesDetailRoute.tsx","import { SITE_URL } from '@/lib/site'"
"apps/web/src/lib/tvSeriesDetailRoute.tsx","import { resolveTvSeriesIdFromParam, seriesPath } from '@/lib/slug'"
"apps/web/src/lib/tvSeriesDetailRoute.tsx","import { containsCyrillic } from '@/lib/textScript'"
"apps/web/src/lib/tvSeriesDetailRoute.tsx","import { getImageUrl, type MoviePageDetail } from '@/lib/tmdb'"
"apps/web/src/lib/tvShowsDiscoverCopy.ts","import { buildCanonicalPath } from '@/lib/canonicalQuery'"
"apps/web/src/lib/tvShowsDiscoverCopy.ts","import {"
"apps/web/src/lib/tvShowsDiscoverCopy.ts","import type {"
"apps/web/src/lib/tvShowsDiscoverCopy.ts","import { moviesDiscoverActiveFilterKeys } from '@/lib/tmdb'"
"apps/web/src/middleware.ts","import type { NextRequest } from 'next/server'"
"apps/web/src/middleware.ts","import { NextResponse } from 'next/server'"
"apps/web/src/types/next-auth.d.ts","import type { DefaultSession } from 'next-auth'"
"apps/web/src/types/next-auth.d.ts","import type { JWT as DefaultJWT } from 'next-auth/jwt'"
"apps/web/tailwind.config.ts","import type { Config } from 'tailwindcss'"
"apps/web/tailwind.config.ts","import { color } from '../../theme/tokens/colors'"
"apps/web/tailwind.config.ts","import {"
"eslint.config.mjs","import js from '@eslint/js'"
"eslint.config.mjs","import globals from 'globals'"
"eslint.config.mjs","import tseslint from 'typescript-eslint'"
"packages/db/drizzle.config.ts","import { defineConfig } from 'drizzle-kit'"
"packages/db/src/index.ts","import { neon } from '@neondatabase/serverless'"
"packages/db/src/index.ts","import { drizzle } from 'drizzle-orm/neon-http'"
"packages/db/src/index.ts","import * as schema from './schema/index.js'"
"packages/db/src/schema/index.ts","import {"
"packages/ui/src/components/Badge/Badge.tsx","import { motion } from 'framer-motion'"
"packages/ui/src/components/Badge/Badge.tsx","import { badgeVariants } from './Badge.animations'"
"packages/ui/src/components/Badge/Badge.tsx","import styles from './Badge.module.css'"
"packages/ui/src/components/Button/Button.tsx","import type { HTMLMotionProps } from 'framer-motion'"
"packages/ui/src/components/Button/Button.tsx","import { motion } from 'framer-motion'"
"packages/ui/src/components/Button/Button.tsx","import type { ComponentPropsWithoutRef } from 'react'"
"packages/ui/src/components/Button/Button.tsx","import { forwardRef } from 'react'"
"packages/ui/src/components/Button/Button.tsx","import { buttonVariants } from './Button.animations'"
"packages/ui/src/components/Button/Button.tsx","import styles from './Button.module.css'"
"packages/ui/src/components/Input/Input.tsx","import { motion } from 'framer-motion'"
"packages/ui/src/components/Input/Input.tsx","import { useState } from 'react'"
"packages/ui/src/components/Input/Input.tsx","import { inputVariants } from './Input.animations'"
"packages/ui/src/components/Input/Input.tsx","import styles from './Input.module.css'"
"packages/ui/src/components/Skeleton/Skeleton.tsx","import styles from './Skeleton.module.css'"
"scripts/_migrate-auth-form-colors.mjs","import fs from 'node:fs'"
"scripts/generate-token-classmaps.mjs","import { writeFileSync } from 'node:fs'"
"scripts/generate-token-classmaps.mjs","import { dirname, join } from 'node:path'"
"scripts/generate-token-classmaps.mjs","import { fileURLToPath } from 'node:url'"
"scripts/generate-token-classmaps.mjs","import sizeTokens from '../theme/tokens/size.json' with { type: 'json' }"
"scripts/lighthouse-lcp.mjs","import { spawnSync } from 'node:child_process'"
"scripts/lighthouse-lcp.mjs","import { mkdirSync, readFileSync, unlinkSync, writeFileSync } from 'node:fs'"
"scripts/lighthouse-lcp.mjs","import { dirname, join } from 'node:path'"
"scripts/lighthouse-lcp.mjs","import { fileURLToPath } from 'node:url'"
"scripts/sync-figma-tokens.mjs","import { mkdir, readFile, writeFile } from 'node:fs/promises'"
"scripts/sync-figma-tokens.mjs","import { dirname, resolve } from 'node:path'"
"scripts/sync-figma-tokens.mjs","import { fileURLToPath } from 'node:url'"
"scripts/verify-tailwind-tokens.mjs","import { readdirSync, readFileSync, statSync } from 'node:fs'"
"scripts/verify-tailwind-tokens.mjs","import { join, relative } from 'node:path'"
"scripts/verify-tailwind-tokens.mjs","import ts from 'typescript'"
"theme/tokens/classes.ts","import generated from './classes.generated.json'"
"theme/tokens/classes.ts","import { borderRadius, cardSize, gridColumn, gridGap, size, spacing } from './size'"
"theme/tokens/colors.ts","import rawTokens from './colors.json'"
"theme/tokens/colors.ts","import { resolveDtcgTokens, type DtcgJson } from './dtcg'"
"theme/tokens/size.ts","import rawTokens from './size.json'"
"theme/tokens/size.ts","import { resolveDtcgTokens, type DtcgJson } from './dtcg'"
