"from","to"
"apps/admin/eslint.config.mjs","@next/eslint-plugin-next"
"apps/admin/eslint.config.mjs","../../eslint.config.mjs"
"apps/admin/next-env.d.ts","./.next/types/routes.d.ts"
"apps/admin/src/app/layout.tsx","next"
"apps/admin/src/app/layout.tsx","next/font/google"
"apps/admin/src/app/layout.tsx","@repo/ui/tokens/tokens.css"
"apps/admin/src/app/layout.tsx","@repo/ui/tokens/globals.css"
"apps/api/src/index.test.ts","vitest"
"apps/api/src/index.test.ts","./index"
"apps/api/src/index.ts","@repo/db"
"apps/api/src/index.ts","@trpc/server/adapters/fetch"
"apps/api/src/index.ts","hono"
"apps/api/src/index.ts","hono/cors"
"apps/api/src/index.ts","hono/logger"
"apps/api/src/index.ts","resend"
"apps/api/src/index.ts","zod"
"apps/api/src/index.ts","./emails/comment-moderation"
"apps/api/src/index.ts","./server/api/root"
"apps/api/src/index.ts","./server/api/routers/users/service"
"apps/api/src/index.ts","./server/context"
"apps/api/src/lib/generateColors.ts","node:fs"
"apps/api/src/lib/generateColors.ts","node:os"
"apps/api/src/lib/generateColors.ts","node:path"
"apps/api/src/lib/generateColors.ts","blurhash"
"apps/api/src/lib/generateColors.ts","colorthief"
"apps/api/src/lib/generateColors.ts","sharp"
"apps/api/src/server/api/root.ts","../trpc"
"apps/api/src/server/api/root.ts","./routers/movies"
"apps/api/src/server/api/root.ts","./routers/users"
"apps/api/src/server/api/routers/movies/index.ts","@trpc/server"
"apps/api/src/server/api/routers/movies/index.ts","zod"
"apps/api/src/server/api/routers/movies/index.ts","../../../trpc"
"apps/api/src/server/api/routers/movies/mutations.ts","@repo/db"
"apps/api/src/server/api/routers/movies/mutations.ts","./queries"
"apps/api/src/server/api/routers/movies/queries.ts","@repo/db"
"apps/api/src/server/api/routers/movies/service.ts","zod"
"apps/api/src/server/api/routers/movies/service.ts","../../../../lib/generateColors"
"apps/api/src/server/api/routers/movies/service.ts","./mutations"
"apps/api/src/server/api/routers/movies/service.ts","./queries"
"apps/api/src/server/api/routers/users/index.ts","@trpc/server"
"apps/api/src/server/api/routers/users/index.ts","zod"
"apps/api/src/server/api/routers/users/index.ts","../../../trpc"
"apps/api/src/server/api/routers/users/index.ts","./service"
"apps/api/src/server/api/routers/users/mutations.ts","@repo/db"
"apps/api/src/server/api/routers/users/mutations.ts","@repo/db/schema"
"apps/api/src/server/api/routers/users/queries.ts","@repo/db"
"apps/api/src/server/api/routers/users/queries.ts","@repo/db/schema"
"apps/api/src/server/api/routers/users/service.ts","resend"
"apps/api/src/server/api/routers/users/service.ts","../../../../emails/admin-notification"
"apps/api/src/server/api/routers/users/service.ts","../../../../emails/welcome"
"apps/api/src/server/api/routers/users/service.ts","./mutations"
"apps/api/src/server/api/routers/users/service.ts","./queries"
"apps/api/src/server/context.ts","@repo/db"
"apps/api/src/server/trpc.ts","@trpc/server"
"apps/api/src/server/trpc.ts","./context"
"apps/api/vitest.config.ts","vitest/config"
"apps/web/eslint.config.mjs","@next/eslint-plugin-next"
"apps/web/eslint.config.mjs","../../eslint.config.mjs"
"apps/web/next-env.d.ts","./.next/types/routes.d.ts"
"apps/web/scripts/create-seo-page.mjs","node:fs"
"apps/web/scripts/create-seo-page.mjs","node:path"
"apps/web/scripts/create-seo-page.mjs","@/components/WebPageJsonLd/WebPageJsonLd"
"apps/web/scripts/create-seo-page.mjs","@/lib/seoSocial"
"apps/web/scripts/indexnow-submit-sitemap.mjs","./sitemap-urlset-utils.mjs"
"apps/web/scripts/measure-route-client-chunks.mjs","node:fs"
"apps/web/scripts/measure-route-client-chunks.mjs","node:path"
"apps/web/scripts/measure-route-client-chunks.mjs","node:vm"
"apps/web/scripts/robots-disallow-utils.mjs","typescript"
"apps/web/scripts/seo-consistency-core.mjs","node:path"
"apps/web/scripts/seo-crawl-budget-core.mjs","./seo-internal-links-core.mjs"
"apps/web/scripts/seo-internal-links-core.mjs","node:path"
"apps/web/scripts/seo-monitor-regression.mjs","node:fs"
"apps/web/scripts/seo-monitor-regression.mjs","node:path"
"apps/web/scripts/seo-monitor-regression.mjs","./sitemap-urlset-utils.mjs"
"apps/web/scripts/seo-nightly.mjs","node:child_process"
"apps/web/scripts/seo-nightly.mjs","node:fs"
"apps/web/scripts/seo-nightly.mjs","node:path"
"apps/web/scripts/seo-scaffold-core.mjs","typescript"
"apps/web/scripts/seo-smoke.mjs","node:fs"
"apps/web/scripts/seo-smoke.mjs","node:path"
"apps/web/scripts/seo-smoke.mjs","./sitemap-urlset-utils.mjs"
"apps/web/scripts/seo-webmaster-loop.mjs","node:fs"
"apps/web/scripts/seo-webmaster-loop.mjs","node:path"
"apps/web/scripts/seo-weekly-audit.mjs","node:child_process"
"apps/web/scripts/seo-weekly-audit.mjs","node:fs"
"apps/web/scripts/seo-weekly-audit.mjs","node:path"
"apps/web/scripts/sync-seo-scaffold-staged.mjs","node:child_process"
"apps/web/scripts/sync-seo-scaffold-staged.mjs","node:fs"
"apps/web/scripts/sync-seo-scaffold-staged.mjs","node:path"
"apps/web/scripts/sync-seo-scaffold-staged.mjs","./seo-scaffold-core.mjs"
"apps/web/scripts/ts-ast-utils.mjs","typescript"
"apps/web/scripts/verify-jsonld-coverage.mjs","node:fs"
"apps/web/scripts/verify-jsonld-coverage.mjs","node:path"
"apps/web/scripts/verify-jsonld-coverage.mjs","./seo-scaffold-core.mjs"
"apps/web/scripts/verify-route-chunk-budget.mjs","node:fs"
"apps/web/scripts/verify-route-chunk-budget.mjs","node:path"
"apps/web/scripts/verify-semantic-button-states.mjs","node:fs"
"apps/web/scripts/verify-semantic-button-states.mjs","node:path"
"apps/web/scripts/verify-semantic-button-states.mjs","typescript"
"apps/web/scripts/verify-seo-canonical-contract.mjs","node:fs"
"apps/web/scripts/verify-seo-canonical-contract.mjs","node:path"
"apps/web/scripts/verify-seo-canonical-contract.mjs","typescript"
"apps/web/scripts/verify-seo-consistency.mjs","node:fs"
"apps/web/scripts/verify-seo-consistency.mjs","node:path"
"apps/web/scripts/verify-seo-consistency.mjs","typescript"
"apps/web/scripts/verify-seo-consistency.mjs","./robots-disallow-utils.mjs"
"apps/web/scripts/verify-seo-contracts.mjs","node:fs"
"apps/web/scripts/verify-seo-contracts.mjs","node:path"
"apps/web/scripts/verify-seo-contracts.mjs","typescript"
"apps/web/scripts/verify-seo-contracts.mjs","./ts-ast-utils.mjs"
"apps/web/scripts/verify-seo-crawl-budget.mjs","node:fs"
"apps/web/scripts/verify-seo-crawl-budget.mjs","node:path"
"apps/web/scripts/verify-seo-crawl-budget.mjs","./seo-crawl-budget-core.mjs"
"apps/web/scripts/verify-seo-freshness-eeat.mjs","node:fs"
"apps/web/scripts/verify-seo-freshness-eeat.mjs","node:path"
"apps/web/scripts/verify-seo-freshness-eeat.mjs","typescript"
"apps/web/scripts/verify-seo-freshness-eeat.mjs","./ts-ast-utils.mjs"
"apps/web/scripts/verify-seo-infra.mjs","node:fs"
"apps/web/scripts/verify-seo-infra.mjs","node:path"
"apps/web/scripts/verify-seo-infra.mjs","typescript"
"apps/web/scripts/verify-seo-internal-links.mjs","node:fs"
"apps/web/scripts/verify-seo-internal-links.mjs","node:path"
"apps/web/scripts/verify-seo-noindex-robots.mjs","node:fs"
"apps/web/scripts/verify-seo-noindex-robots.mjs","node:path"
"apps/web/scripts/verify-seo-noindex-robots.mjs","typescript"
"apps/web/scripts/verify-seo-noindex-robots.mjs","./robots-disallow-utils.mjs"
"apps/web/scripts/verify-seo-programmatic-policy.mjs","node:fs"
"apps/web/scripts/verify-seo-programmatic-policy.mjs","node:path"
"apps/web/scripts/verify-seo-report.mjs","node:child_process"
"apps/web/scripts/verify-seo-report.mjs","node:fs"
"apps/web/scripts/verify-seo-report.mjs","node:path"
"apps/web/scripts/verify-seo-scaffold-staged.mjs","node:child_process"
"apps/web/scripts/verify-seo-scaffold-staged.mjs","./seo-scaffold-core.mjs"
"apps/web/scripts/verify-seo-scaffold.mjs","node:fs"
"apps/web/scripts/verify-seo-scaffold.mjs","node:path"
"apps/web/scripts/verify-seo-scaffold.mjs","./seo-scaffold-core.mjs"
"apps/web/scripts/verify-seo-schema-contract.mjs","node:fs"
"apps/web/scripts/verify-seo-schema-contract.mjs","node:path"
"apps/web/scripts/verify-seo-schema-contract.mjs","typescript"
"apps/web/scripts/verify-seo-schema-contract.mjs","./ts-ast-utils.mjs"
"apps/web/scripts/verify-seo-sitemap-contract.mjs","node:fs"
"apps/web/scripts/verify-seo-sitemap-contract.mjs","node:path"
"apps/web/src/app/(detail)/layout.tsx","react"
"apps/web/src/app/(detail)/layout.tsx","@/app/_shells/DetailShell"
"apps/web/src/app/(detail)/movie/[id]/error.tsx","react"
"apps/web/src/app/(detail)/movie/[id]/error.tsx","./error.module.css"
"apps/web/src/app/(detail)/movie/[id]/loading.tsx","./loading.module.css"
"apps/web/src/app/(detail)/movie/[id]/page.tsx","next"
"apps/web/src/app/(detail)/movie/[id]/page.tsx","next/navigation"
"apps/web/src/app/(detail)/movie/[id]/page.tsx","react"
"apps/web/src/app/(detail)/movie/[id]/page.tsx","@/components/MovieDetailPage/HeroLcpPreloadLinks"
"apps/web/src/app/(detail)/movie/[id]/page.tsx","@/components/MovieDetailPage/MovieDetailBelowFoldDynamics"
"apps/web/src/app/(detail)/movie/[id]/page.tsx","@/components/MovieDetailPage/MovieDetailPage"
"apps/web/src/app/(detail)/movie/[id]/page.tsx","@/components/MovieDetailPage/MovieDetailStreamedBelowFold"
"apps/web/src/app/(detail)/movie/[id]/page.tsx","@/lib/jsonLdEntity"
"apps/web/src/app/(detail)/movie/[id]/page.tsx","@/lib/moviePageDataCache"
"apps/web/src/app/(detail)/movie/[id]/page.tsx","@/lib/seoSocial"
"apps/web/src/app/(detail)/movie/[id]/page.tsx","@/lib/seoTitles"
"apps/web/src/app/(detail)/movie/[id]/page.tsx","@/lib/site"
"apps/web/src/app/(detail)/movie/[id]/page.tsx","@/lib/slug"
"apps/web/src/app/(detail)/movie/[id]/page.tsx","@/lib/textScript"
"apps/web/src/app/(detail)/movie/[id]/page.tsx","@/lib/tmdb"
"apps/web/src/app/(detail)/movie/[id]/page.tsx","@/lib/tmdb"
"apps/web/src/app/(detail)/movie/[id]/page.tsx","./page.module.css"
"apps/web/src/app/(site)/about/page.tsx","next"
"apps/web/src/app/(site)/about/page.tsx","next/link"
"apps/web/src/app/(site)/about/page.tsx","@/components/LegalDocument/LegalDocument"
"apps/web/src/app/(site)/about/page.tsx","@/components/WebPageJsonLd/WebPageJsonLd"
"apps/web/src/app/(site)/about/page.tsx","@/lib/jsonLdSite"
"apps/web/src/app/(site)/about/page.tsx","@/lib/seoSocial"
"apps/web/src/app/(site)/about/page.tsx","./page.module.css"
"apps/web/src/app/(site)/accessibility/page.tsx","next"
"apps/web/src/app/(site)/accessibility/page.tsx","next/link"
"apps/web/src/app/(site)/accessibility/page.tsx","@/components/LegalDocument/LegalDocument"
"apps/web/src/app/(site)/accessibility/page.tsx","@/components/WebPageJsonLd/WebPageJsonLd"
"apps/web/src/app/(site)/accessibility/page.tsx","@/lib/seoSocial"
"apps/web/src/app/(site)/accessibility/page.tsx","./page.module.css"
"apps/web/src/app/(site)/cartoon/[id]/page.tsx","@/lib/cartoonDetailRoute"
"apps/web/src/app/(site)/cartoon/[id]/page.tsx","./page.module.css"
"apps/web/src/app/(site)/cartoons/page.tsx","next"
"apps/web/src/app/(site)/cartoons/page.tsx","@/components/MosaicHeroLcpPreload"
"apps/web/src/app/(site)/cartoons/page.tsx","@/components/MoviesDiscoverPage/MoviesDiscoverPage"
"apps/web/src/app/(site)/cartoons/page.tsx","@/lib/jsonLdSite"
"apps/web/src/app/(site)/cartoons/page.tsx","@/lib/seoSnippetTemplates"
"apps/web/src/app/(site)/cartoons/page.tsx","@/lib/seoSocial"
"apps/web/src/app/(site)/cartoons/page.tsx","./page.module.css"
"apps/web/src/app/(site)/categories/page.tsx","next"
"apps/web/src/app/(site)/categories/page.tsx","next/navigation"
"apps/web/src/app/(site)/categories/page.tsx","@/components/WebPageJsonLd/WebPageJsonLd"
"apps/web/src/app/(site)/categories/page.tsx","@/lib/seoSocial"
"apps/web/src/app/(site)/contact/page.tsx","next"
"apps/web/src/app/(site)/contact/page.tsx","next/link"
"apps/web/src/app/(site)/contact/page.tsx","@/components/LegalDocument/LegalDocument"
"apps/web/src/app/(site)/contact/page.tsx","@/components/WebPageJsonLd/WebPageJsonLd"
"apps/web/src/app/(site)/contact/page.tsx","@/lib/seoSocial"
"apps/web/src/app/(site)/contact/page.tsx","./page.module.css"
"apps/web/src/app/(site)/cookies/page.tsx","next"
"apps/web/src/app/(site)/cookies/page.tsx","next/link"
"apps/web/src/app/(site)/cookies/page.tsx","@/components/LegalDocument/LegalDocument"
"apps/web/src/app/(site)/cookies/page.tsx","@/components/WebPageJsonLd/WebPageJsonLd"
"apps/web/src/app/(site)/cookies/page.tsx","@/lib/seoSocial"
"apps/web/src/app/(site)/cookies/page.tsx","./page.module.css"
"apps/web/src/app/(site)/dmca/page.tsx","next"
"apps/web/src/app/(site)/dmca/page.tsx","next/link"
"apps/web/src/app/(site)/dmca/page.tsx","@/components/LegalDocument/LegalDocument"
"apps/web/src/app/(site)/dmca/page.tsx","@/components/WebPageJsonLd/WebPageJsonLd"
"apps/web/src/app/(site)/dmca/page.tsx","@/lib/seoSocial"
"apps/web/src/app/(site)/dmca/page.tsx","./page.module.css"
"apps/web/src/app/(site)/entity/[slug]/page.tsx","next"
"apps/web/src/app/(site)/entity/[slug]/page.tsx","next/link"
"apps/web/src/app/(site)/entity/[slug]/page.tsx","next/navigation"
"apps/web/src/app/(site)/entity/[slug]/page.tsx","@/components/SearchPage/SearchPageClient"
"apps/web/src/app/(site)/entity/[slug]/page.tsx","@/components/WebPageJsonLd/WebPageJsonLd"
"apps/web/src/app/(site)/entity/[slug]/page.tsx","@/lib/entitySearch"
"apps/web/src/app/(site)/entity/[slug]/page.tsx","@/lib/seoSnippetTemplates"
"apps/web/src/app/(site)/entity/[slug]/page.tsx","@/lib/seoSocial"
"apps/web/src/app/(site)/entity/[slug]/page.tsx","./page.module.css"
"apps/web/src/app/(site)/gdpr/page.tsx","next"
"apps/web/src/app/(site)/gdpr/page.tsx","next/link"
"apps/web/src/app/(site)/gdpr/page.tsx","@/components/LegalDocument/LegalDocument"
"apps/web/src/app/(site)/gdpr/page.tsx","@/components/WebPageJsonLd/WebPageJsonLd"
"apps/web/src/app/(site)/gdpr/page.tsx","@/lib/seoSocial"
"apps/web/src/app/(site)/gdpr/page.tsx","./page.module.css"
"apps/web/src/app/(site)/help/page.tsx","next"
"apps/web/src/app/(site)/help/page.tsx","next/link"
"apps/web/src/app/(site)/help/page.tsx","@/components/LegalDocument/LegalDocument"
"apps/web/src/app/(site)/help/page.tsx","@/components/WebPageJsonLd/WebPageJsonLd"
"apps/web/src/app/(site)/help/page.tsx","@/lib/seoSocial"
"apps/web/src/app/(site)/help/page.tsx","./page.module.css"
"apps/web/src/app/(site)/layout.tsx","react"
"apps/web/src/app/(site)/layout.tsx","@/app/_shells/SiteShell"
"apps/web/src/app/(site)/login/page.tsx","next"
"apps/web/src/app/(site)/login/page.tsx","@/components/LoginForm/LoginForm"
"apps/web/src/app/(site)/login/page.tsx","@/components/WebPageJsonLd/WebPageJsonLd"
"apps/web/src/app/(site)/login/page.tsx","@/lib/seoSocial"
"apps/web/src/app/(site)/movies/category/[genre]/about/error.tsx","../hub.module.css"
"apps/web/src/app/(site)/movies/category/[genre]/about/loading.tsx","../hub.module.css"
"apps/web/src/app/(site)/movies/category/[genre]/about/page.tsx","next"
"apps/web/src/app/(site)/movies/category/[genre]/about/page.tsx","next/link"
"apps/web/src/app/(site)/movies/category/[genre]/about/page.tsx","next/navigation"
"apps/web/src/app/(site)/movies/category/[genre]/about/page.tsx","@/lib/entitySearch"
"apps/web/src/app/(site)/movies/category/[genre]/about/page.tsx","@/lib/jsonLdSite"
"apps/web/src/app/(site)/movies/category/[genre]/about/page.tsx","@/lib/movieGenreHubContent"
"apps/web/src/app/(site)/movies/category/[genre]/about/page.tsx","@/lib/movieGenreRoute"
"apps/web/src/app/(site)/movies/category/[genre]/about/page.tsx","@/lib/seoSocial"
"apps/web/src/app/(site)/movies/category/[genre]/about/page.tsx","@/lib/slug"
"apps/web/src/app/(site)/movies/category/[genre]/about/page.tsx","../hub.module.css"
"apps/web/src/app/(site)/movies/category/[genre]/page.tsx","next"
"apps/web/src/app/(site)/movies/category/[genre]/page.tsx","next/link"
"apps/web/src/app/(site)/movies/category/[genre]/page.tsx","next/navigation"
"apps/web/src/app/(site)/movies/category/[genre]/page.tsx","@/components/MosaicHeroLcpPreload"
"apps/web/src/app/(site)/movies/category/[genre]/page.tsx","@/components/MoviesDiscoverPage/MoviesDiscoverPage"
"apps/web/src/app/(site)/movies/category/[genre]/page.tsx","@/lib/jsonLdSite"
"apps/web/src/app/(site)/movies/category/[genre]/page.tsx","@/lib/movieGenreHubContent"
"apps/web/src/app/(site)/movies/category/[genre]/page.tsx","@/lib/movieGenreRoute"
"apps/web/src/app/(site)/movies/category/[genre]/page.tsx","@/lib/seoSnippetTemplates"
"apps/web/src/app/(site)/movies/category/[genre]/page.tsx","@/lib/seoSocial"
"apps/web/src/app/(site)/movies/category/[genre]/page.tsx","./hub.module.css"
"apps/web/src/app/(site)/movies/loading.tsx","./loading.module.css"
"apps/web/src/app/(site)/movies/page.tsx","next"
"apps/web/src/app/(site)/movies/page.tsx","next/navigation"
"apps/web/src/app/(site)/movies/page.tsx","@/components/MosaicHeroLcpPreload"
"apps/web/src/app/(site)/movies/page.tsx","@/components/MoviesDiscoverPage/MoviesDiscoverPage"
"apps/web/src/app/(site)/movies/page.tsx","@/lib/jsonLdSite"
"apps/web/src/app/(site)/movies/page.tsx","@/lib/movieGenreRoute"
"apps/web/src/app/(site)/movies/page.tsx","@/lib/seoSnippetTemplates"
"apps/web/src/app/(site)/movies/page.tsx","@/lib/seoSocial"
"apps/web/src/app/(site)/movies/page.tsx","./page.module.css"
"apps/web/src/app/(site)/movies/random/page.tsx","next"
"apps/web/src/app/(site)/movies/random/page.tsx","@/components/RandomMoviePage/RandomMoviePage"
"apps/web/src/app/(site)/movies/random/page.tsx","@/components/WebPageJsonLd/WebPageJsonLd"
"apps/web/src/app/(site)/movies/random/page.tsx","@/lib/seoSocial"
"apps/web/src/app/(site)/movies/random/page.tsx","@/lib/tmdb"
"apps/web/src/app/(site)/notifications/page.tsx","next"
"apps/web/src/app/(site)/notifications/page.tsx","@/components/WebPageJsonLd/WebPageJsonLd"
"apps/web/src/app/(site)/notifications/page.tsx","@/lib/seoSocial"
"apps/web/src/app/(site)/notifications/page.tsx","./page.module.css"
"apps/web/src/app/(site)/page.tsx","next"
"apps/web/src/app/(site)/page.tsx","react"
"apps/web/src/app/(site)/page.tsx","@/components/HeroSection/HeroSection"
"apps/web/src/app/(site)/page.tsx","@/components/HomeDiscoverShelves/HomeDiscoverShelves"
"apps/web/src/app/(site)/page.tsx","@/components/HomeDiscoverShelves/HomeShelvesFallback"
"apps/web/src/app/(site)/page.tsx","@/components/HomeLcpPreloadLinks"
"apps/web/src/app/(site)/page.tsx","@/lib/jsonLdSite"
"apps/web/src/app/(site)/page.tsx","@/lib/seoSocial"
"apps/web/src/app/(site)/page.tsx","@/lib/tmdb"
"apps/web/src/app/(site)/page.tsx","./page.module.css"
"apps/web/src/app/(site)/person/[id]/page.tsx","lucide-react"
"apps/web/src/app/(site)/person/[id]/page.tsx","next"
"apps/web/src/app/(site)/person/[id]/page.tsx","next/image"
"apps/web/src/app/(site)/person/[id]/page.tsx","next/link"
"apps/web/src/app/(site)/person/[id]/page.tsx","next/navigation"
"apps/web/src/app/(site)/person/[id]/page.tsx","react"
"apps/web/src/app/(site)/person/[id]/page.tsx","@/components/MovieDetailPage/MovieShareButton"
"apps/web/src/app/(site)/person/[id]/page.tsx","@/components/PersonFilmography/PersonFilmographyStream"
"apps/web/src/app/(site)/person/[id]/page.tsx","@/components/PersonPhotosRail/PersonPhotosRail"
"apps/web/src/app/(site)/person/[id]/page.tsx","@/components/WebPageJsonLd/WebPageJsonLd"
"apps/web/src/app/(site)/person/[id]/page.tsx","@/lib/jsonLdPerson"
"apps/web/src/app/(site)/person/[id]/page.tsx","@/lib/movieGenreRoute"
"apps/web/src/app/(site)/person/[id]/page.tsx","@/lib/personCredits"
"apps/web/src/app/(site)/person/[id]/page.tsx","@/lib/personPageDataCache"
"apps/web/src/app/(site)/person/[id]/page.tsx","@/lib/seoSocial"
"apps/web/src/app/(site)/person/[id]/page.tsx","@/lib/slug"
"apps/web/src/app/(site)/person/[id]/page.tsx","@/lib/textScript"
"apps/web/src/app/(site)/person/[id]/page.tsx","@/lib/tmdb"
"apps/web/src/app/(site)/person/[id]/page.tsx","./page.module.css"
"apps/web/src/app/(site)/privacy/page.tsx","next"
"apps/web/src/app/(site)/privacy/page.tsx","next/link"
"apps/web/src/app/(site)/privacy/page.tsx","@/components/LegalDocument/LegalDocument"
"apps/web/src/app/(site)/privacy/page.tsx","@/components/WebPageJsonLd/WebPageJsonLd"
"apps/web/src/app/(site)/privacy/page.tsx","@/lib/seoSocial"
"apps/web/src/app/(site)/privacy/page.tsx","./page.module.css"
"apps/web/src/app/(site)/profile/page.tsx","next"
"apps/web/src/app/(site)/profile/page.tsx","@/components/ProfilePage/ProfilePage"
"apps/web/src/app/(site)/profile/page.tsx","@/components/WebPageJsonLd/WebPageJsonLd"
"apps/web/src/app/(site)/profile/page.tsx","@/lib/seoSocial"
"apps/web/src/app/(site)/register/page.tsx","next"
"apps/web/src/app/(site)/register/page.tsx","@/components/RegisterForm/RegisterForm"
"apps/web/src/app/(site)/register/page.tsx","@/components/WebPageJsonLd/WebPageJsonLd"
"apps/web/src/app/(site)/register/page.tsx","@/lib/seoSocial"
"apps/web/src/app/(site)/register/page.tsx","./page.module.css"
"apps/web/src/app/(site)/search/page.tsx","next"
"apps/web/src/app/(site)/search/page.tsx","next/navigation"
"apps/web/src/app/(site)/search/page.tsx","@/components/SearchPage/SearchPageClient"
"apps/web/src/app/(site)/search/page.tsx","@/components/WebPageJsonLd/WebPageJsonLd"
"apps/web/src/app/(site)/search/page.tsx","@/lib/entitySearch"
"apps/web/src/app/(site)/search/page.tsx","@/lib/seoSnippetTemplates"
"apps/web/src/app/(site)/search/page.tsx","@/lib/seoSocial"
"apps/web/src/app/(site)/search/page.tsx","./page.module.css"
"apps/web/src/app/(site)/series/[id]/page.tsx","@/lib/tmdb"
"apps/web/src/app/(site)/series/[id]/page.tsx","@/lib/tvSeriesDetailRoute"
"apps/web/src/app/(site)/series/[id]/page.tsx","./page.module.css"
"apps/web/src/app/(site)/series/page.tsx","next"
"apps/web/src/app/(site)/series/page.tsx","@/components/MosaicHeroLcpPreload"
"apps/web/src/app/(site)/series/page.tsx","@/components/MoviesDiscoverPage/MoviesDiscoverPage"
"apps/web/src/app/(site)/series/page.tsx","@/lib/jsonLdSite"
"apps/web/src/app/(site)/series/page.tsx","@/lib/seoSnippetTemplates"
"apps/web/src/app/(site)/series/page.tsx","@/lib/seoSocial"
"apps/web/src/app/(site)/series/page.tsx","./page.module.css"
"apps/web/src/app/(site)/settings/page.tsx","next"
"apps/web/src/app/(site)/settings/page.tsx","next/link"
"apps/web/src/app/(site)/settings/page.tsx","@/components/LegalDocument/LegalDocument"
"apps/web/src/app/(site)/settings/page.tsx","@/components/WebPageJsonLd/WebPageJsonLd"
"apps/web/src/app/(site)/settings/page.tsx","@/lib/seoSocial"
"apps/web/src/app/(site)/settings/page.tsx","./page.module.css"
"apps/web/src/app/(site)/terms/page.tsx","next"
"apps/web/src/app/(site)/terms/page.tsx","next/link"
"apps/web/src/app/(site)/terms/page.tsx","@/components/LegalDocument/LegalDocument"
"apps/web/src/app/(site)/terms/page.tsx","@/components/WebPageJsonLd/WebPageJsonLd"
"apps/web/src/app/(site)/terms/page.tsx","@/lib/seoSocial"
"apps/web/src/app/(site)/terms/page.tsx","./page.module.css"
"apps/web/src/app/(site)/trailer/[id]/page.tsx","next"
"apps/web/src/app/(site)/trailer/[id]/page.tsx","next/link"
"apps/web/src/app/(site)/trailer/[id]/page.tsx","next/navigation"
"apps/web/src/app/(site)/trailer/[id]/page.tsx","@/lib/jsonLdEntity"
"apps/web/src/app/(site)/trailer/[id]/page.tsx","@/lib/moviePageDataCache"
"apps/web/src/app/(site)/trailer/[id]/page.tsx","@/lib/seoSocial"
"apps/web/src/app/(site)/trailer/[id]/page.tsx","@/lib/seoTitles"
"apps/web/src/app/(site)/trailer/[id]/page.tsx","@/lib/site"
"apps/web/src/app/(site)/trailer/[id]/page.tsx","@/lib/slug"
"apps/web/src/app/(site)/trailer/[id]/page.tsx","./page.module.css"
"apps/web/src/app/(site)/tvshow/[id]/page.tsx","@/lib/tvSeriesDetailRoute"
"apps/web/src/app/(site)/tvshow/[id]/page.tsx","./page.module.css"
"apps/web/src/app/(site)/tvshows/[id]/page.tsx","@/lib/tvSeriesDetailRoute"
"apps/web/src/app/(site)/tvshows/[id]/page.tsx","./page.module.css"
"apps/web/src/app/(site)/tvshows/page.tsx","next"
"apps/web/src/app/(site)/tvshows/page.tsx","@/components/MosaicHeroLcpPreload"
"apps/web/src/app/(site)/tvshows/page.tsx","@/components/MoviesDiscoverPage/MoviesDiscoverPage"
"apps/web/src/app/(site)/tvshows/page.tsx","@/lib/jsonLdSite"
"apps/web/src/app/(site)/tvshows/page.tsx","@/lib/seoSocial"
"apps/web/src/app/(site)/tvshows/page.tsx","./page.module.css"
"apps/web/src/app/(site)/ui-kit/layout.tsx","next/font/google"
"apps/web/src/app/(site)/ui-kit/page.tsx","@repo/ui/badge"
"apps/web/src/app/(site)/ui-kit/page.tsx","@repo/ui/button"
"apps/web/src/app/(site)/ui-kit/page.tsx","@repo/ui/input"
"apps/web/src/app/(site)/ui-kit/page.tsx","@repo/ui/skeleton"
"apps/web/src/app/(site)/ui-kit/page.tsx","next"
"apps/web/src/app/(site)/ui-kit/page.tsx","@/components/CardsGrid/CardsGrid"
"apps/web/src/app/(site)/ui-kit/page.tsx","@/components/WebPageJsonLd/WebPageJsonLd"
"apps/web/src/app/(site)/ui-kit/page.tsx","@/lib/seoSocial"
"apps/web/src/app/(site)/ui-kit/page.tsx","./page.module.css"
"apps/web/src/app/(site)/watchlist/page.tsx","next"
"apps/web/src/app/(site)/watchlist/page.tsx","@/components/WatchlistPage/WatchlistPage"
"apps/web/src/app/(site)/watchlist/page.tsx","@/components/WebPageJsonLd/WebPageJsonLd"
"apps/web/src/app/(site)/watchlist/page.tsx","@/lib/seoSocial"
"apps/web/src/app/_shells/DetailShell.tsx","react"
"apps/web/src/app/_shells/DetailShell.tsx","@/components/AppChrome/DetailAppChrome"
"apps/web/src/app/_shells/SiteShell.tsx","react"
"apps/web/src/app/_shells/SiteShell.tsx","@/components/AppChrome/AppChrome"
"apps/web/src/app/_shells/SiteShell.tsx","@/components/DesignThemeProvider/DesignThemeProvider"
"apps/web/src/app/_shells/SiteShell.tsx","@/components/PerformanceMonitor/PerformanceMonitor"
"apps/web/src/app/api/auth/[...nextauth]/route.ts","next-auth"
"apps/web/src/app/api/auth/[...nextauth]/route.ts","next-auth/providers/credentials"
"apps/web/src/app/api/auth/[...nextauth]/route.ts","next-auth/providers/github"
"apps/web/src/app/api/auth/[...nextauth]/route.ts","next-auth/providers/google"
"apps/web/src/app/api/cartoons-discover/route.ts","next/server"
"apps/web/src/app/api/cartoons-discover/route.ts","@/lib/rateLimit"
"apps/web/src/app/api/discover/route.ts","next/server"
"apps/web/src/app/api/discover/route.ts","@/lib/rateLimit"
"apps/web/src/app/api/random-movie/route.ts","next/server"
"apps/web/src/app/api/random-movie/route.ts","@/lib/cachePolicy"
"apps/web/src/app/api/random-movie/route.ts","@/lib/rateLimit"
"apps/web/src/app/api/revalidate/route.ts","next/cache"
"apps/web/src/app/api/revalidate/route.ts","next/server"
"apps/web/src/app/api/search/route.ts","next/server"
"apps/web/src/app/api/search/route.ts","@/lib/rateLimit"
"apps/web/src/app/api/seo/indexnow/route.ts","next/server"
"apps/web/src/app/api/seo/indexnow/route.ts","@/lib/indexnowPipeline"
"apps/web/src/app/api/seo/indexnow/route.ts","@/lib/site"
"apps/web/src/app/api/series-discover/route.ts","next/server"
"apps/web/src/app/api/series-discover/route.ts","@/lib/rateLimit"
"apps/web/src/app/api/tv/[id]/season/[seasonNumber]/route.ts","next/server"
"apps/web/src/app/api/tv/[id]/season/[seasonNumber]/route.ts","@/lib/cachePolicy"
"apps/web/src/app/api/tv/[id]/seasons/route.ts","next/server"
"apps/web/src/app/api/tv/[id]/seasons/route.ts","@/lib/cachePolicy"
"apps/web/src/app/api/tvshows-discover/route.ts","next/server"
"apps/web/src/app/api/tvshows-discover/route.ts","@/lib/rateLimit"
"apps/web/src/app/api/watchlist-items/route.ts","@repo/types"
"apps/web/src/app/api/watchlist-items/route.ts","next/server"
"apps/web/src/app/api/watchlist-items/route.ts","@/lib/slug"
"apps/web/src/app/api/watchlist-items/route.ts","@/lib/tmdb"
"apps/web/src/app/api/watchlist-movies/route.ts","next/server"
"apps/web/src/app/api/watchlist-movies/route.ts","@/lib/tmdb"
"apps/web/src/app/error.tsx","react"
"apps/web/src/app/error.tsx","./error.module.css"
"apps/web/src/app/icon.tsx","next/og"
"apps/web/src/app/indexnow-key/route.ts","next/server"
"apps/web/src/app/layout.tsx","next"
"apps/web/src/app/layout.tsx","next/font/google"
"apps/web/src/app/layout.tsx","next/headers"
"apps/web/src/app/layout.tsx","@/components/ServiceWorkerRegistration"
"apps/web/src/app/layout.tsx","@/lib/seoFreshness"
"apps/web/src/app/layout.tsx","@/lib/site"
"apps/web/src/app/layout.tsx","@/styles/globals.css"
"apps/web/src/app/layout.tsx","@/styles/design-tokens.generated.css"
"apps/web/src/app/layout.tsx","@/styles/tailwind.css"
"apps/web/src/app/layout.tsx","@/styles/base.css"
"apps/web/src/app/layout.tsx","@/styles/keyframes-motion.css"
"apps/web/src/app/layout.tsx","@/styles/app-layers.css"
"apps/web/src/app/llms.txt/route.ts","@/lib/site"
"apps/web/src/app/loading.tsx","@/components/MediaShelf/MediaShelfSkeletonLight"
"apps/web/src/app/loading.tsx","./loading.module.css"
"apps/web/src/app/manifest.ts","next"
"apps/web/src/app/not-found.tsx","next"
"apps/web/src/app/not-found.tsx","@/components/EmptyState/EmptyState"
"apps/web/src/app/not-found.tsx","@/components/WebPageJsonLd/WebPageJsonLd"
"apps/web/src/app/opengraph-image.tsx","next/og"
"apps/web/src/app/opengraph-image.tsx","@/theme/tokens/size"
"apps/web/src/app/robots.ts","next"
"apps/web/src/app/robots.ts","@/lib/site"
"apps/web/src/app/sitemap.ts","node:fs"
"apps/web/src/app/sitemap.ts","node:path"
"apps/web/src/app/sitemap.ts","next"
"apps/web/src/app/sitemap.ts","@/lib/site"
"apps/web/src/app/sitemap.ts","@/lib/sitemapDiscoverUrls"
"apps/web/src/app/sitemap.ts","@/lib/sitemapUtils"
"apps/web/src/components/AppChrome/AppChrome.tsx","next/dynamic"
"apps/web/src/components/AppChrome/AppChrome.tsx","react"
"apps/web/src/components/AppChrome/AppChrome.tsx","@/components/Providers/SessionProvider"
"apps/web/src/components/AppChrome/AppChrome.tsx","@/components/Toast/Toast"
"apps/web/src/components/AppChrome/DetailAppChrome.tsx","next/dynamic"
"apps/web/src/components/AppChrome/DetailAppChrome.tsx","react"
"apps/web/src/components/AppChrome/DetailAppChrome.tsx","@/components/Providers/SessionProvider"
"apps/web/src/components/AppChrome/DetailAppChrome.tsx","@/components/Toast/Toast"
"apps/web/src/components/BackToTop/BackToTop.tsx","react"
"apps/web/src/components/BackToTop/BackToTop.tsx","@/components/IconSlot/iconSlot.module.css"
"apps/web/src/components/BackToTop/BackToTop.tsx","./BackToTop.module.css"
"apps/web/src/components/CardsGrid/CardsGrid.tsx","react"
"apps/web/src/components/CardsGrid/CardsGrid.tsx","@/classes"
"apps/web/src/components/CardsGrid/CardsGrid.tsx","@/theme/tokens/size"
"apps/web/src/components/CountrySelect/CountrySelect.tsx","country-flag-icons/react/3x2"
"apps/web/src/components/CountrySelect/CountrySelect.tsx","react"
"apps/web/src/components/CountrySelect/CountrySelect.tsx","@/components/IconSlot/iconSlot.module.css"
"apps/web/src/components/CountrySelect/CountrySelect.tsx","./CountrySelect.module.css"
"apps/web/src/components/DeferredAppChrome/DeferredAppChrome.tsx","@/components/BackToTop/BackToTop"
"apps/web/src/components/DeferredAppChrome/DeferredAppChrome.tsx","@/components/Ripple/Ripple"
"apps/web/src/components/DeferredAppChrome/DeferredAppChrome.tsx","@/components/ScrollProgressBar/ScrollProgressBar"
"apps/web/src/components/DesignThemeProvider/DesignThemeProvider.tsx","@web-loom/design-core/utils"
"apps/web/src/components/DesignThemeProvider/DesignThemeProvider.tsx","react"
"apps/web/src/components/EmptyState/EmptyState.tsx","next/link"
"apps/web/src/components/EmptyState/EmptyState.tsx","react"
"apps/web/src/components/EmptyState/EmptyState.tsx","./EmptyState.module.css"
"apps/web/src/components/FadeInView/FadeInView.tsx","react"
"apps/web/src/components/Footer/Footer.tsx","lucide-react"
"apps/web/src/components/Footer/Footer.tsx","next/link"
"apps/web/src/components/Footer/Footer.tsx","@/components/FadeInView/FadeInView"
"apps/web/src/components/Footer/Footer.tsx","@/components/IconSlot/iconSlot.module.css"
"apps/web/src/components/Footer/Footer.tsx","./Footer.module.css"
"apps/web/src/components/Footer/FooterClient.tsx","lucide-react"
"apps/web/src/components/Footer/FooterClient.tsx","next/navigation"
"apps/web/src/components/Footer/FooterClient.tsx","react"
"apps/web/src/components/Footer/FooterClient.tsx","@/components/IconSlot/iconSlot.module.css"
"apps/web/src/components/Footer/FooterClient.tsx","./Footer.module.css"
"apps/web/src/components/Header/Header.tsx","@repo/ui/button"
"apps/web/src/components/Header/Header.tsx","next/image"
"apps/web/src/components/Header/Header.tsx","next/link"
"apps/web/src/components/Header/Header.tsx","next/navigation"
"apps/web/src/components/Header/Header.tsx","react"
"apps/web/src/components/Header/Header.tsx","react"
"apps/web/src/components/Header/Header.tsx","@/components/IconSlot/iconSlot.module.css"
"apps/web/src/components/Header/Header.tsx","@/components/SearchBar/SearchBar"
"apps/web/src/components/Header/Header.tsx","@/lib/auth-client"
"apps/web/src/components/Header/Header.tsx","./drawerSearch.utils"
"apps/web/src/components/Header/Header.tsx","./Header.module.css"
"apps/web/src/components/Header/Header.tsx","./HeaderExtras"
"apps/web/src/components/Header/HeaderExtras.tsx","next/link"
"apps/web/src/components/Header/HeaderExtras.tsx","next/navigation"
"apps/web/src/components/Header/HeaderExtras.tsx","react"
"apps/web/src/components/Header/HeaderExtras.tsx","./Header.module.css"
"apps/web/src/components/Header/drawerSearch.utils.test.ts","vitest"
"apps/web/src/components/Header/drawerSearch.utils.test.ts","./drawerSearch.utils"
"apps/web/src/components/HeroSection/HeroSection.tsx","@repo/types"
"apps/web/src/components/HeroSection/HeroSection.tsx","next/image"
"apps/web/src/components/HeroSection/HeroSection.tsx","next/link"
"apps/web/src/components/HeroSection/HeroSection.tsx","react"
"apps/web/src/components/HeroSection/HeroSection.tsx","react-dom"
"apps/web/src/components/HeroSection/HeroSection.tsx","./HeroSection.module.css"
"apps/web/src/components/HomeDiscoverShelves/HomeDiscoverShelves.tsx","next/link"
"apps/web/src/components/HomeDiscoverShelves/HomeDiscoverShelves.tsx","@/components/MediaShelf/MediaShelf"
"apps/web/src/components/HomeDiscoverShelves/HomeDiscoverShelves.tsx","@/components/PopularActorsShelf/PopularActorsShelf"
"apps/web/src/components/HomeDiscoverShelves/HomeDiscoverShelves.tsx","./HomeDiscoverShelves.module.css"
"apps/web/src/components/HomeDiscoverShelves/HomeShelvesFallback.tsx","@/components/MediaShelf/MediaShelfSkeletonLight"
"apps/web/src/components/HomeLcpPreloadLinks.tsx","@/lib/tmdb"
"apps/web/src/components/HomeLcpPreloadLinks.tsx","@/lib/tmdb"
"apps/web/src/components/LegalDocument/LegalDocument.tsx","react"
"apps/web/src/components/LegalDocument/LegalDocument.tsx","./LegalDocument.module.css"
"apps/web/src/components/LoginForm/LoginForm.tsx","@repo/ui/button"
"apps/web/src/components/LoginForm/LoginForm.tsx","next/link"
"apps/web/src/components/LoginForm/LoginForm.tsx","next/navigation"
"apps/web/src/components/LoginForm/LoginForm.tsx","react"
"apps/web/src/components/LoginForm/LoginForm.tsx","@/components/IconSlot/iconSlot.module.css"
"apps/web/src/components/LoginForm/LoginForm.tsx","@/lib/auth-client"
"apps/web/src/components/LoginForm/LoginForm.tsx","./LoginForm.module.css"
"apps/web/src/components/MediaCard/MediaCard.tsx","@repo/types"
"apps/web/src/components/MediaCard/MediaCard.tsx","lucide-react"
"apps/web/src/components/MediaCard/MediaCard.tsx","next/image"
"apps/web/src/components/MediaCard/MediaCard.tsx","next/link"
"apps/web/src/components/MediaCard/MediaCard.tsx","@/hooks/usePrefersReducedMotion"
"apps/web/src/components/MediaCard/MediaCard.tsx","@/lib/posterFaceFocalPoint"
"apps/web/src/components/MediaCard/MediaCard.tsx","@/lib/posterFaceFocalPoint"
"apps/web/src/components/MediaCard/MediaCard.tsx","@/lib/slug"
"apps/web/src/components/MediaCard/MediaCard.tsx","@/theme/tokens/size"
"apps/web/src/components/MediaCard/MediaCard.tsx","./MediaCard.module.css"
"apps/web/src/components/MediaShelf/MediaShelf.tsx","next/link"
"apps/web/src/components/MediaShelf/MediaShelf.tsx","react"
"apps/web/src/components/MediaShelf/MediaShelf.tsx","@/components/MediaCard/MediaCard"
"apps/web/src/components/MediaShelf/MediaShelf.tsx","@/components/ShelfRevealShell/ShelfRevealShell"
"apps/web/src/components/MediaShelf/MediaShelf.tsx","@/lib/tmdb"
"apps/web/src/components/MediaShelf/MediaShelf.tsx","@/theme/tokens/size"
"apps/web/src/components/MediaShelf/MediaShelf.tsx","./MediaShelf.module.css"
"apps/web/src/components/MediaShelf/MediaShelfSkeletonLight.tsx","./MediaShelf.module.css"
"apps/web/src/components/MediaShelf/MediaShelfSkeletonLight.tsx","./MediaShelfSkeletonLight.module.css"
"apps/web/src/components/MovieDetailPage/HeroLcpPreloadLinks.tsx","@/lib/tmdb"
"apps/web/src/components/MovieDetailPage/MovieCastSection.tsx","lucide-react"
"apps/web/src/components/MovieDetailPage/MovieCastSection.tsx","next/image"
"apps/web/src/components/MovieDetailPage/MovieCastSection.tsx","next/link"
"apps/web/src/components/MovieDetailPage/MovieCastSection.tsx","@/components/IconSlot/iconSlot.module.css"
"apps/web/src/components/MovieDetailPage/MovieCastSection.tsx","@/lib/imageSizes"
"apps/web/src/components/MovieDetailPage/MovieCastSection.tsx","@/lib/slug"
"apps/web/src/components/MovieDetailPage/MovieCastSection.tsx","@/lib/tmdb"
"apps/web/src/components/MovieDetailPage/MovieCastSection.tsx","@/lib/tmdb"
"apps/web/src/components/MovieDetailPage/MovieCastSection.tsx","./MovieCastSection.module.css"
"apps/web/src/components/MovieDetailPage/MovieCollectionSection.tsx","@/lib/slug"
"apps/web/src/components/MovieDetailPage/MovieCollectionSection.tsx","@/lib/tmdb"
"apps/web/src/components/MovieDetailPage/MovieCollectionSection.tsx","./MovieCollectionSection.module.css"
"apps/web/src/components/MovieDetailPage/MovieCollectionSection.tsx","./MovieSimilarRailCard"
"apps/web/src/components/MovieDetailPage/MovieComments.tsx","react"
"apps/web/src/components/MovieDetailPage/MovieComments.tsx","@/lib/slug"
"apps/web/src/components/MovieDetailPage/MovieComments.tsx","./MovieComments.module.css"
"apps/web/src/components/MovieDetailPage/MovieCommentsRoot.client.tsx","next/dynamic"
"apps/web/src/components/MovieDetailPage/MovieCommentsRoot.client.tsx","@/lib/slug"
"apps/web/src/components/MovieDetailPage/MovieCommentsRoot.client.tsx","./MovieComments.module.css"
"apps/web/src/components/MovieDetailPage/MovieDetailBelowFoldDynamics.tsx","next/dynamic"
"apps/web/src/components/MovieDetailPage/MovieDetailBelowFoldDynamics.tsx","./MovieDetailPage.module.css"
"apps/web/src/components/MovieDetailPage/MovieDetailPage.tsx","lucide-react"
"apps/web/src/components/MovieDetailPage/MovieDetailPage.tsx","next/image"
"apps/web/src/components/MovieDetailPage/MovieDetailPage.tsx","next/link"
"apps/web/src/components/MovieDetailPage/MovieDetailPage.tsx","react"
"apps/web/src/components/MovieDetailPage/MovieDetailPage.tsx","@/components/FadeInView/FadeInView"
"apps/web/src/components/MovieDetailPage/MovieDetailPage.tsx","@/components/IconSlot/iconSlot.module.css"
"apps/web/src/components/MovieDetailPage/MovieDetailPage.tsx","@/lib/blurhashToDataUrl"
"apps/web/src/components/MovieDetailPage/MovieDetailPage.tsx","@/lib/movieGenreRoute"
"apps/web/src/components/MovieDetailPage/MovieDetailPage.tsx","@/lib/slug"
"apps/web/src/components/MovieDetailPage/MovieDetailPage.tsx","@/lib/textScript"
"apps/web/src/components/MovieDetailPage/MovieDetailPage.tsx","@/lib/tmdb"
"apps/web/src/components/MovieDetailPage/MovieDetailPage.tsx","@/lib/tmdb"
"apps/web/src/components/MovieDetailPage/MovieDetailPage.tsx","./MovieCommentsRoot.client"
"apps/web/src/components/MovieDetailPage/MovieDetailPage.tsx","./MovieDetailPage.module.css"
"apps/web/src/components/MovieDetailPage/MovieDetailPage.tsx","./MovieHeroBackdropImage"
"apps/web/src/components/MovieDetailPage/MovieDetailPage.tsx","./MovieHeroTrailerActions"
"apps/web/src/components/MovieDetailPage/MovieDetailPage.tsx","./MoviePrimarySummaryPanel"
"apps/web/src/components/MovieDetailPage/MovieDetailPage.tsx","./MovieShareButton"
"apps/web/src/components/MovieDetailPage/MovieDetailPage.tsx","./MovieWatchProvidersPanel"
"apps/web/src/components/MovieDetailPage/MovieDetailPageLite.tsx","next/image"
"apps/web/src/components/MovieDetailPage/MovieDetailPageLite.tsx","next/link"
"apps/web/src/components/MovieDetailPage/MovieDetailPageLite.tsx","@/lib/movieGenreRoute"
"apps/web/src/components/MovieDetailPage/MovieDetailPageLite.tsx","@/lib/slug"
"apps/web/src/components/MovieDetailPage/MovieDetailPageLite.tsx","@/lib/tmdb"
"apps/web/src/components/MovieDetailPage/MovieDetailPageLite.tsx","@/lib/tmdb"
"apps/web/src/components/MovieDetailPage/MovieDetailPageLite.tsx","./MovieCastSection"
"apps/web/src/components/MovieDetailPage/MovieDetailPageLite.tsx","./MovieDetailPage.module.css"
"apps/web/src/components/MovieDetailPage/MovieDetailPageLite.tsx","./MovieFaqAccordion"
"apps/web/src/components/MovieDetailPage/MovieDetailStreamedBelowFold.tsx","react"
"apps/web/src/components/MovieDetailPage/MovieDetailStreamedBelowFold.tsx","@/lib/slug"
"apps/web/src/components/MovieDetailPage/MovieDetailStreamedBelowFold.tsx","./MovieCommentsRoot.client"
"apps/web/src/components/MovieDetailPage/MovieDetailTvDynamics.tsx","next/dynamic"
"apps/web/src/components/MovieDetailPage/MovieDetailTvDynamics.tsx","./MovieDetailPage.module.css"
"apps/web/src/components/MovieDetailPage/MovieFaqAccordion.tsx","./MovieDetailPage.module.css"
"apps/web/src/components/MovieDetailPage/MovieHeroBackdropCarousel.tsx","@/hooks/usePrefersReducedMotion"
"apps/web/src/components/MovieDetailPage/MovieHeroBackdropCarousel.tsx","./MovieHeroBackdropCarousel.module.css"
"apps/web/src/components/MovieDetailPage/MovieHeroBackdropCarousel.tsx","./MovieHeroBackdropImage"
"apps/web/src/components/MovieDetailPage/MovieHeroBackdropImage.tsx","next/image"
"apps/web/src/components/MovieDetailPage/MovieHeroTrailerActions.tsx","@repo/types"
"apps/web/src/components/MovieDetailPage/MovieHeroTrailerActions.tsx","react"
"apps/web/src/components/MovieDetailPage/MovieHeroTrailerActions.tsx","@/components/Toast/Toast"
"apps/web/src/components/MovieDetailPage/MovieHeroTrailerActions.tsx","@/lib/localWatchlist"
"apps/web/src/components/MovieDetailPage/MovieHeroTrailerActions.tsx","./MovieDetailPage.module.css"
"apps/web/src/components/MovieDetailPage/MovieHeroTrailerActions.tsx","./movieTrailerEvents"
"apps/web/src/components/MovieDetailPage/MovieOverviewBlock.tsx","./MovieOverviewBlock.module.css"
"apps/web/src/components/MovieDetailPage/MoviePhotosSection.client.tsx","next/image"
"apps/web/src/components/MovieDetailPage/MoviePhotosSection.client.tsx","react"
"apps/web/src/components/MovieDetailPage/MoviePhotosSection.client.tsx","react-dom"
"apps/web/src/components/MovieDetailPage/MoviePhotosSection.client.tsx","@/components/IconSlot/iconSlot.module.css"
"apps/web/src/components/MovieDetailPage/MoviePhotosSection.client.tsx","@/lib/tmdb"
"apps/web/src/components/MovieDetailPage/MoviePhotosSection.client.tsx","./MoviePhotosSection.module.css"
"apps/web/src/components/MovieDetailPage/MoviePhotosSection.tsx","next/image"
"apps/web/src/components/MovieDetailPage/MoviePhotosSection.tsx","react"
"apps/web/src/components/MovieDetailPage/MoviePhotosSection.tsx","@/components/IconSlot/iconSlot.module.css"
"apps/web/src/components/MovieDetailPage/MoviePhotosSection.tsx","@/lib/tmdb"
"apps/web/src/components/MovieDetailPage/MoviePhotosSection.tsx","@/lib/tmdb"
"apps/web/src/components/MovieDetailPage/MoviePhotosSection.tsx","./MoviePhotosSection.client"
"apps/web/src/components/MovieDetailPage/MoviePhotosSection.tsx","./MoviePhotosSection.module.css"
"apps/web/src/components/MovieDetailPage/MoviePrimaryRatingsRow.tsx","./MoviePrimarySummaryPanel.module.css"
"apps/web/src/components/MovieDetailPage/MoviePrimaryRatingsRow.tsx","./MovieUserRatingCard"
"apps/web/src/components/MovieDetailPage/MoviePrimaryRatingsRow.tsx","./TmdbLogoMark"
"apps/web/src/components/MovieDetailPage/MoviePrimarySummaryActions.tsx","@repo/types"
"apps/web/src/components/MovieDetailPage/MoviePrimarySummaryActions.tsx","react"
"apps/web/src/components/MovieDetailPage/MoviePrimarySummaryActions.tsx","@/components/Toast/Toast"
"apps/web/src/components/MovieDetailPage/MoviePrimarySummaryActions.tsx","@/lib/localWatchlist"
"apps/web/src/components/MovieDetailPage/MoviePrimarySummaryActions.tsx","./MoviePrimarySummaryPanel.module.css"
"apps/web/src/components/MovieDetailPage/MoviePrimarySummaryActions.tsx","./MovieShareButton"
"apps/web/src/components/MovieDetailPage/MoviePrimarySummaryActions.tsx","./movieTrailerEvents"
"apps/web/src/components/MovieDetailPage/MoviePrimarySummaryPanel.tsx","@repo/types"
"apps/web/src/components/MovieDetailPage/MoviePrimarySummaryPanel.tsx","next/link"
"apps/web/src/components/MovieDetailPage/MoviePrimarySummaryPanel.tsx","@/lib/movieGenreRoute"
"apps/web/src/components/MovieDetailPage/MoviePrimarySummaryPanel.tsx","@/lib/slug"
"apps/web/src/components/MovieDetailPage/MoviePrimarySummaryPanel.tsx","@/lib/tmdb"
"apps/web/src/components/MovieDetailPage/MoviePrimarySummaryPanel.tsx","./MovieOverviewBlock"
"apps/web/src/components/MovieDetailPage/MoviePrimarySummaryPanel.tsx","./MoviePrimaryRatingsRow"
"apps/web/src/components/MovieDetailPage/MoviePrimarySummaryPanel.tsx","./MoviePrimarySummaryActions"
"apps/web/src/components/MovieDetailPage/MoviePrimarySummaryPanel.tsx","./MoviePrimarySummaryPanel.module.css"
"apps/web/src/components/MovieDetailPage/MovieShareButton.tsx","react"
"apps/web/src/components/MovieDetailPage/MovieShareButton.tsx","react"
"apps/web/src/components/MovieDetailPage/MovieShareButton.tsx","react-dom"
"apps/web/src/components/MovieDetailPage/MovieShareButton.tsx","@/components/IconSlot/iconSlot.module.css"
"apps/web/src/components/MovieDetailPage/MovieShareButton.tsx","./MovieShareButton.module.css"
"apps/web/src/components/MovieDetailPage/MovieSimilarRailCard.tsx","next/image"
"apps/web/src/components/MovieDetailPage/MovieSimilarRailCard.tsx","next/link"
"apps/web/src/components/MovieDetailPage/MovieSimilarRailCard.tsx","@/lib/tmdb"
"apps/web/src/components/MovieDetailPage/MovieSimilarRailCard.tsx","@/lib/tmdb"
"apps/web/src/components/MovieDetailPage/MovieSimilarRailCard.tsx","./MovieSimilarRailCard.module.css"
"apps/web/src/components/MovieDetailPage/MovieTrailerBlock.client.tsx","react"
"apps/web/src/components/MovieDetailPage/MovieTrailerBlock.client.tsx","react-dom"
"apps/web/src/components/MovieDetailPage/MovieTrailerBlock.client.tsx","@/components/IconSlot/iconSlot.module.css"
"apps/web/src/components/MovieDetailPage/MovieTrailerBlock.client.tsx","./MovieTrailerBlock.module.css"
"apps/web/src/components/MovieDetailPage/MovieTrailerBlock.client.tsx","./movieTrailerEvents"
"apps/web/src/components/MovieDetailPage/MovieTrailerBlock.tsx","react"
"apps/web/src/components/MovieDetailPage/MovieTrailerBlock.tsx","./MovieTrailerBlock.client"
"apps/web/src/components/MovieDetailPage/MovieTrailerBlock.tsx","./MovieTrailerBlock.module.css"
"apps/web/src/components/MovieDetailPage/MovieUserRatingCard.tsx","react"
"apps/web/src/components/MovieDetailPage/MovieUserRatingCard.tsx","./MovieUserRatingCard.module.css"
"apps/web/src/components/MovieDetailPage/MovieWatchProvidersPanel.tsx","lucide-react"
"apps/web/src/components/MovieDetailPage/MovieWatchProvidersPanel.tsx","next/image"
"apps/web/src/components/MovieDetailPage/MovieWatchProvidersPanel.tsx","@/components/IconSlot/iconSlot.module.css"
"apps/web/src/components/MovieDetailPage/MovieWatchProvidersPanel.tsx","@/lib/tmdb"
"apps/web/src/components/MovieDetailPage/MovieWatchProvidersPanel.tsx","@/lib/tmdb"
"apps/web/src/components/MovieDetailPage/MovieWatchProvidersPanel.tsx","./MovieWatchProvidersPanel.module.css"
"apps/web/src/components/MoviesDiscoverPage/MoviesDiscoverPage.tsx","next/navigation"
"apps/web/src/components/MoviesDiscoverPage/MoviesDiscoverPage.tsx","react"
"apps/web/src/components/MoviesDiscoverPage/MoviesDiscoverPage.tsx","react-virtuoso"
"apps/web/src/components/MoviesDiscoverPage/MoviesDiscoverPage.tsx","@/components/MediaCard/MediaCard"
"apps/web/src/components/MoviesDiscoverPage/MoviesDiscoverPage.tsx","./MoviesDiscoverPage.module.css"
"apps/web/src/components/NavigationProgress/NavigationProgress.tsx","next/navigation"
"apps/web/src/components/NavigationProgress/NavigationProgress.tsx","react"
"apps/web/src/components/NavigationProgress/NavigationProgress.tsx","./NavigationProgress.module.css"
"apps/web/src/components/PerformanceMonitor/PerformanceMonitor.tsx","./PerformanceMonitorClient"
"apps/web/src/components/PerformanceMonitor/PerformanceMonitorClient.tsx","@/hooks/usePerformanceMonitor"
"apps/web/src/components/PersonFilmography/PersonFilmography.tsx","next/link"
"apps/web/src/components/PersonFilmography/PersonFilmography.tsx","react"
"apps/web/src/components/PersonFilmography/PersonFilmography.tsx","@/lib/entitySearch"
"apps/web/src/components/PersonFilmography/PersonFilmography.tsx","@/lib/personCredits"
"apps/web/src/components/PersonFilmography/PersonFilmography.tsx","@/lib/tmdb"
"apps/web/src/components/PersonFilmography/PersonFilmography.tsx","./PersonFilmography.module.css"
"apps/web/src/components/PersonFilmography/PersonFilmographyStream.tsx","@/lib/personPageDataCache"
"apps/web/src/components/PersonFilmography/PersonFilmographyStream.tsx","./PersonFilmography"
"apps/web/src/components/PersonPhotosRail/PersonPhotosRail.tsx","lucide-react"
"apps/web/src/components/PersonPhotosRail/PersonPhotosRail.tsx","next/image"
"apps/web/src/components/PersonPhotosRail/PersonPhotosRail.tsx","react"
"apps/web/src/components/PersonPhotosRail/PersonPhotosRail.tsx","@/lib/tmdb"
"apps/web/src/components/PersonPhotosRail/PersonPhotosRail.tsx","./PersonPhotosRail.module.css"
"apps/web/src/components/PopularActorsShelf/PopularActorsShelf.tsx","next/image"
"apps/web/src/components/PopularActorsShelf/PopularActorsShelf.tsx","next/link"
"apps/web/src/components/PopularActorsShelf/PopularActorsShelf.tsx","react"
"apps/web/src/components/PopularActorsShelf/PopularActorsShelf.tsx","@/components/IconSlot/iconSlot.module.css"
"apps/web/src/components/PopularActorsShelf/PopularActorsShelf.tsx","@/components/ShelfRevealShell/ShelfRevealShell"
"apps/web/src/components/PopularActorsShelf/PopularActorsShelf.tsx","@/lib/imageSizes"
"apps/web/src/components/PopularActorsShelf/PopularActorsShelf.tsx","@/lib/slug"
"apps/web/src/components/PopularActorsShelf/PopularActorsShelf.tsx","@/lib/tmdb"
"apps/web/src/components/PopularActorsShelf/PopularActorsShelf.tsx","@/lib/tmdb"
"apps/web/src/components/PopularActorsShelf/PopularActorsShelf.tsx","./PopularActorsShelf.module.css"
"apps/web/src/components/ProfilePage/ProfilePage.tsx","@repo/ui/button"
"apps/web/src/components/ProfilePage/ProfilePage.tsx","next/link"
"apps/web/src/components/ProfilePage/ProfilePage.tsx","next/navigation"
"apps/web/src/components/ProfilePage/ProfilePage.tsx","react"
"apps/web/src/components/ProfilePage/ProfilePage.tsx","@/components/IconSlot/iconSlot.module.css"
"apps/web/src/components/ProfilePage/ProfilePage.tsx","@/lib/auth-client"
"apps/web/src/components/ProfilePage/ProfilePage.tsx","./ProfilePage.module.css"
"apps/web/src/components/Providers/SessionProvider.tsx","next-auth/react"
"apps/web/src/components/Providers/SessionProvider.tsx","react"
"apps/web/src/components/RandomMoviePage/RandomMoviePage.tsx","lucide-react"
"apps/web/src/components/RandomMoviePage/RandomMoviePage.tsx","next/image"
"apps/web/src/components/RandomMoviePage/RandomMoviePage.tsx","next/link"
"apps/web/src/components/RandomMoviePage/RandomMoviePage.tsx","react"
"apps/web/src/components/RandomMoviePage/RandomMoviePage.tsx","@/components/IconSlot/iconSlot.module.css"
"apps/web/src/components/RandomMoviePage/RandomMoviePage.tsx","@/lib/movieGenreRoute"
"apps/web/src/components/RandomMoviePage/RandomMoviePage.tsx","@/lib/slug"
"apps/web/src/components/RandomMoviePage/RandomMoviePage.tsx","./RandomMoviePage.module.css"
"apps/web/src/components/RegisterForm/RegisterForm.tsx","@repo/ui/button"
"apps/web/src/components/RegisterForm/RegisterForm.tsx","next/link"
"apps/web/src/components/RegisterForm/RegisterForm.tsx","next-auth/react"
"apps/web/src/components/RegisterForm/RegisterForm.tsx","react"
"apps/web/src/components/RegisterForm/RegisterForm.tsx","@/components/CountrySelect/CountrySelect"
"apps/web/src/components/RegisterForm/RegisterForm.tsx","@/components/IconSlot/iconSlot.module.css"
"apps/web/src/components/RegisterForm/RegisterForm.tsx","./RegisterForm.module.css"
"apps/web/src/components/Ripple/Ripple.tsx","react"
"apps/web/src/components/Ripple/Ripple.tsx","react-dom"
"apps/web/src/components/Ripple/Ripple.tsx","./Ripple.module.css"
"apps/web/src/components/ScrollProgressBar/ScrollProgressBar.tsx","react"
"apps/web/src/components/ScrollProgressBar/ScrollProgressBar.tsx","@/hooks/usePrefersReducedMotion"
"apps/web/src/components/ScrollProgressBar/ScrollProgressBar.tsx","./ScrollProgressBar.module.css"
"apps/web/src/components/SearchBar/SearchBar.tsx","@repo/ui/button"
"apps/web/src/components/SearchBar/SearchBar.tsx","next/image"
"apps/web/src/components/SearchBar/SearchBar.tsx","next/navigation"
"apps/web/src/components/SearchBar/SearchBar.tsx","react"
"apps/web/src/components/SearchBar/SearchBar.tsx","@/components/IconSlot/iconSlot.module.css"
"apps/web/src/components/SearchBar/SearchBar.tsx","./SearchBar.module.css"
"apps/web/src/components/SearchPage/SearchPageClient.tsx","next/image"
"apps/web/src/components/SearchPage/SearchPageClient.tsx","next/link"
"apps/web/src/components/SearchPage/SearchPageClient.tsx","react"
"apps/web/src/components/SearchPage/SearchPageClient.tsx","@/components/SearchBar/SearchBar"
"apps/web/src/components/SearchPage/SearchPageClient.tsx","@/lib/tmdb"
"apps/web/src/components/SearchPage/SearchPageClient.tsx","./SearchPage.module.css"
"apps/web/src/components/ServiceWorkerRegistration.tsx","react"
"apps/web/src/components/ShelfRevealShell/ShelfRevealShell.tsx","react"
"apps/web/src/components/Toast/Toast.tsx","@/components/IconSlot/iconSlot.module.css"
"apps/web/src/components/Toast/Toast.tsx","./Toast.module.css"
"apps/web/src/components/TvSeriesEpisodes/TvSeriesEpisodes.tsx","next/image"
"apps/web/src/components/TvSeriesEpisodes/TvSeriesEpisodes.tsx","react"
"apps/web/src/components/TvSeriesEpisodes/TvSeriesEpisodes.tsx","@/components/IconSlot/iconSlot.module.css"
"apps/web/src/components/TvSeriesEpisodes/TvSeriesEpisodes.tsx","./TvSeriesEpisodes.module.css"
"apps/web/src/components/WatchlistPage/WatchlistPage.tsx","@repo/types"
"apps/web/src/components/WatchlistPage/WatchlistPage.tsx","next/image"
"apps/web/src/components/WatchlistPage/WatchlistPage.tsx","next/link"
"apps/web/src/components/WatchlistPage/WatchlistPage.tsx","react"
"apps/web/src/components/WatchlistPage/WatchlistPage.tsx","@/lib/tmdb"
"apps/web/src/components/WatchlistPage/WatchlistPage.tsx","./WatchlistPage.module.css"
"apps/web/src/components/WebPageJsonLd/WebPageJsonLd.tsx","@/lib/jsonLdSite"
"apps/web/src/hooks/usePerformanceMonitor.ts","react"
"apps/web/src/hooks/usePerformanceMonitor.ts","./usePrefersReducedMotion"
"apps/web/src/hooks/usePrefersReducedMotion.ts","react"
"apps/web/src/lib/cachePolicy.test.ts","vitest"
"apps/web/src/lib/canonicalQuery.test.ts","vitest"
"apps/web/src/lib/canonicalQuery.test.ts","./canonicalQuery"
"apps/web/src/lib/cartoonDetailRoute.tsx","next"
"apps/web/src/lib/cartoonDetailRoute.tsx","next/navigation"
"apps/web/src/lib/cartoonDetailRoute.tsx","react"
"apps/web/src/lib/cartoonDetailRoute.tsx","@/components/MovieDetailPage/HeroLcpPreloadLinks"
"apps/web/src/lib/cartoonDetailRoute.tsx","@/components/MovieDetailPage/MovieDetailBelowFoldDynamics"
"apps/web/src/lib/cartoonDetailRoute.tsx","@/components/MovieDetailPage/MovieDetailStreamedBelowFold"
"apps/web/src/lib/cartoonDetailRoute.tsx","@/lib/jsonLdEntity"
"apps/web/src/lib/cartoonDetailRoute.tsx","@/lib/moviePageDataCache"
"apps/web/src/lib/cartoonDetailRoute.tsx","@/lib/seoSocial"
"apps/web/src/lib/cartoonDetailRoute.tsx","@/lib/seoTitles"
"apps/web/src/lib/cartoonDetailRoute.tsx","@/lib/site"
"apps/web/src/lib/cartoonDetailRoute.tsx","@/lib/slug"
"apps/web/src/lib/cartoonDetailRoute.tsx","@/lib/textScript"
"apps/web/src/lib/cartoonDetailRoute.tsx","@/lib/tmdb"
"apps/web/src/lib/cartoonsDiscoverCopy.ts","@/lib/canonicalQuery"
"apps/web/src/lib/cartoonsDiscoverCopy.ts","@/lib/tmdb"
"apps/web/src/lib/deviceTier.test.ts","vitest"
"apps/web/src/lib/indexnowPipeline.test.ts","vitest"
"apps/web/src/lib/indexnowPipeline.test.ts","./indexnowPipeline"
"apps/web/src/lib/jsonLdEntity.ts","@/lib/site"
"apps/web/src/lib/jsonLdPerson.ts","@/lib/jsonLdEntity"
"apps/web/src/lib/jsonLdPerson.ts","@/lib/site"
"apps/web/src/lib/jsonLdPerson.ts","@/lib/textScript"
"apps/web/src/lib/jsonLdPerson.ts","@/lib/tmdb"
"apps/web/src/lib/jsonLdPerson.ts","@/lib/tmdb"
"apps/web/src/lib/jsonLdSite.ts","@/lib/site"
"apps/web/src/lib/localWatchlist.ts","@repo/types"
"apps/web/src/lib/moviePageDataCache.ts","react"
"apps/web/src/lib/moviePageDataCache.ts","@/lib/tmdb"
"apps/web/src/lib/moviesDiscoverCopy.ts","@/lib/canonicalQuery"
"apps/web/src/lib/moviesDiscoverCopy.ts","@/lib/movieGenreRoute"
"apps/web/src/lib/moviesDiscoverCopy.ts","@/lib/tmdb"
"apps/web/src/lib/personCredits.ts","@/lib/slug"
"apps/web/src/lib/personCredits.ts","@/lib/tmdb"
"apps/web/src/lib/personPageDataCache.ts","react"
"apps/web/src/lib/personPageDataCache.ts","@/lib/tmdb"
"apps/web/src/lib/rateLimit.test.ts","vitest"
"apps/web/src/lib/rateLimit.test.ts","./rateLimit"
"apps/web/src/lib/seoConsistencyCore.test.ts","vitest"
"apps/web/src/lib/seoCrawlBudgetCore.test.ts","vitest"
"apps/web/src/lib/seoCrawlBudgetCore.test.ts","../../scripts/seo-crawl-budget-core.mjs"
"apps/web/src/lib/seoInternalLinksCore.test.ts","vitest"
"apps/web/src/lib/seoSocial.ts","next"
"apps/web/src/lib/seoSocial.ts","@/lib/site"
"apps/web/src/lib/seriesDiscoverCopy.ts","@/lib/canonicalQuery"
"apps/web/src/lib/seriesDiscoverCopy.ts","@/lib/tmdb"
"apps/web/src/lib/sitemapDiscoverUrls.ts","next"
"apps/web/src/lib/sitemapDiscoverUrls.ts","@/lib/site"
"apps/web/src/lib/sitemapDiscoverUrls.ts","@/lib/slug"
"apps/web/src/lib/sitemapDiscoverUrls.ts","@/lib/tmdb"
"apps/web/src/lib/sitemapUtils.test.ts","vitest"
"apps/web/src/lib/sitemapUtils.test.ts","./sitemapUtils"
"apps/web/src/lib/sitemapUtils.ts","next"
"apps/web/src/lib/slug.test.ts","vitest"
"apps/web/src/lib/slug.test.ts","./slug"
"apps/web/src/lib/slug.ts","@repo/types"
"apps/web/src/lib/slug.ts","./tmdb"
"apps/web/src/lib/tmdb.test.ts","vitest"
"apps/web/src/lib/tmdb.ts","@repo/types"
"apps/web/src/lib/tmdb.ts","./textScript"
"apps/web/src/lib/tvSeriesDetailRoute.tsx","next"
"apps/web/src/lib/tvSeriesDetailRoute.tsx","next/navigation"
"apps/web/src/lib/tvSeriesDetailRoute.tsx","react"
"apps/web/src/lib/tvSeriesDetailRoute.tsx","@/components/MovieDetailPage/HeroLcpPreloadLinks"
"apps/web/src/lib/tvSeriesDetailRoute.tsx","@/components/MovieDetailPage/MovieDetailBelowFoldDynamics"
"apps/web/src/lib/tvSeriesDetailRoute.tsx","@/components/MovieDetailPage/MovieDetailStreamedBelowFold"
"apps/web/src/lib/tvSeriesDetailRoute.tsx","@/components/MovieDetailPage/MovieDetailTvDynamics"
"apps/web/src/lib/tvSeriesDetailRoute.tsx","@/lib/jsonLdEntity"
"apps/web/src/lib/tvSeriesDetailRoute.tsx","@/lib/moviePageDataCache"
"apps/web/src/lib/tvSeriesDetailRoute.tsx","@/lib/seoSocial"
"apps/web/src/lib/tvSeriesDetailRoute.tsx","@/lib/seoTitles"
"apps/web/src/lib/tvSeriesDetailRoute.tsx","@/lib/site"
"apps/web/src/lib/tvSeriesDetailRoute.tsx","@/lib/slug"
"apps/web/src/lib/tvSeriesDetailRoute.tsx","@/lib/textScript"
"apps/web/src/lib/tvSeriesDetailRoute.tsx","@/lib/tmdb"
"apps/web/src/lib/tvShowsDiscoverCopy.ts","@/lib/canonicalQuery"
"apps/web/src/lib/tvShowsDiscoverCopy.ts","@/lib/tmdb"
"apps/web/src/middleware.ts","next/server"
"apps/web/src/middleware.ts","next/server"
"apps/web/src/types/next-auth.d.ts","next-auth"
"apps/web/src/types/next-auth.d.ts","next-auth/jwt"
"apps/web/tailwind.config.ts","tailwindcss"
"apps/web/tailwind.config.ts","../../theme/tokens/colors"
"eslint.config.mjs","@eslint/js"
"eslint.config.mjs","globals"
"eslint.config.mjs","typescript-eslint"
"packages/db/drizzle.config.ts","drizzle-kit"
"packages/db/src/index.ts","@neondatabase/serverless"
"packages/db/src/index.ts","drizzle-orm/neon-http"
"packages/db/src/index.ts","./schema/index.js"
"packages/ui/src/components/Badge/Badge.tsx","framer-motion"
"packages/ui/src/components/Badge/Badge.tsx","./Badge.animations"
"packages/ui/src/components/Badge/Badge.tsx","./Badge.module.css"
"packages/ui/src/components/Button/Button.tsx","framer-motion"
"packages/ui/src/components/Button/Button.tsx","framer-motion"
"packages/ui/src/components/Button/Button.tsx","react"
"packages/ui/src/components/Button/Button.tsx","react"
"packages/ui/src/components/Button/Button.tsx","./Button.animations"
"packages/ui/src/components/Button/Button.tsx","./Button.module.css"
"packages/ui/src/components/Input/Input.tsx","framer-motion"
"packages/ui/src/components/Input/Input.tsx","react"
"packages/ui/src/components/Input/Input.tsx","./Input.animations"
"packages/ui/src/components/Input/Input.tsx","./Input.module.css"
"packages/ui/src/components/Skeleton/Skeleton.tsx","./Skeleton.module.css"
"scripts/_migrate-auth-form-colors.mjs","node:fs"
"scripts/generate-token-classmaps.mjs","node:fs"
"scripts/generate-token-classmaps.mjs","node:path"
"scripts/generate-token-classmaps.mjs","node:url"
"scripts/generate-token-classmaps.mjs","../theme/tokens/size.json"
"scripts/lighthouse-lcp.mjs","node:child_process"
"scripts/lighthouse-lcp.mjs","node:fs"
"scripts/lighthouse-lcp.mjs","node:path"
"scripts/lighthouse-lcp.mjs","node:url"
"scripts/sync-figma-tokens.mjs","node:fs/promises"
"scripts/sync-figma-tokens.mjs","node:path"
"scripts/sync-figma-tokens.mjs","node:url"
"scripts/verify-tailwind-tokens.mjs","node:fs"
"scripts/verify-tailwind-tokens.mjs","node:path"
"scripts/verify-tailwind-tokens.mjs","typescript"
"theme/tokens/classes.ts","./classes.generated.json"
"theme/tokens/classes.ts","./size"
"theme/tokens/colors.ts","./colors.json"
"theme/tokens/colors.ts","./dtcg"
"theme/tokens/size.ts","./size.json"
"theme/tokens/size.ts","./dtcg"
