"file","imports","exports"
"apps/admin/eslint.config.mjs","2","1"
"apps/admin/next-env.d.ts","1","0"
"apps/admin/src/app/layout.tsx","4","2"
"apps/admin/src/app/page.tsx","0","1"
"apps/api/src/emails/admin-notification.ts","0","1"
"apps/api/src/emails/comment-moderation.ts","0","1"
"apps/api/src/emails/welcome.ts","0","1"
"apps/api/src/index.test.ts","2","0"
"apps/api/src/index.ts","12","1"
"apps/api/src/lib/generateColors.ts","6","1"
"apps/api/src/server/api/root.ts","3","1"
"apps/api/src/server/api/routers/movies/index.ts","4","1"
"apps/api/src/server/api/routers/movies/mutations.ts","2","3"
"apps/api/src/server/api/routers/movies/queries.ts","1","4"
"apps/api/src/server/api/routers/movies/service.ts","4","4"
"apps/api/src/server/api/routers/users/index.ts","4","1"
"apps/api/src/server/api/routers/users/mutations.ts","2","1"
"apps/api/src/server/api/routers/users/queries.ts","2","2"
"apps/api/src/server/api/routers/users/service.ts","5","3"
"apps/api/src/server/context.ts","1","2"
"apps/api/src/server/trpc.ts","2","2"
"apps/api/vitest.config.ts","1","1"
"apps/web/eslint.config.mjs","2","1"
"apps/web/next-env.d.ts","1","0"
"apps/web/postcss.config.mjs","0","1"
"apps/web/public/sw.js","0","0"
"apps/web/scripts/create-seo-page.mjs","4","3"
"apps/web/scripts/indexnow-submit-sitemap.mjs","1","0"
"apps/web/scripts/measure-route-client-chunks.mjs","3","0"
"apps/web/scripts/robots-disallow-utils.mjs","1","2"
"apps/web/scripts/seo-consistency-core.mjs","1","3"
"apps/web/scripts/seo-crawl-budget-core.mjs","1","2"
"apps/web/scripts/seo-internal-links-core.mjs","1","5"
"apps/web/scripts/seo-monitor-regression.mjs","3","0"
"apps/web/scripts/seo-nightly.mjs","3","0"
"apps/web/scripts/seo-scaffold-core.mjs","2","3"
"apps/web/scripts/seo-smoke.mjs","3","0"
"apps/web/scripts/seo-webmaster-loop.mjs","2","0"
"apps/web/scripts/seo-weekly-audit.mjs","3","0"
"apps/web/scripts/sitemap-urlset-utils.mjs","0","1"
"apps/web/scripts/sync-seo-scaffold-staged.mjs","4","0"
"apps/web/scripts/trigger-indexnow-endpoint.mjs","0","0"
"apps/web/scripts/ts-ast-utils.mjs","1","7"
"apps/web/scripts/verify-jsonld-coverage.mjs","3","0"
"apps/web/scripts/verify-route-chunk-budget.mjs","2","0"
"apps/web/scripts/verify-semantic-button-states.mjs","3","0"
"apps/web/scripts/verify-seo-canonical-contract.mjs","3","0"
"apps/web/scripts/verify-seo-consistency.mjs","5","0"
"apps/web/scripts/verify-seo-contracts.mjs","4","0"
"apps/web/scripts/verify-seo-crawl-budget.mjs","4","0"
"apps/web/scripts/verify-seo-freshness-eeat.mjs","4","0"
"apps/web/scripts/verify-seo-infra.mjs","3","0"
"apps/web/scripts/verify-seo-internal-links.mjs","3","0"
"apps/web/scripts/verify-seo-noindex-robots.mjs","4","0"
"apps/web/scripts/verify-seo-programmatic-policy.mjs","2","0"
"apps/web/scripts/verify-seo-report.mjs","3","0"
"apps/web/scripts/verify-seo-scaffold-staged.mjs","2","0"
"apps/web/scripts/verify-seo-scaffold.mjs","3","0"
"apps/web/scripts/verify-seo-schema-contract.mjs","4","0"
"apps/web/scripts/verify-seo-sitemap-contract.mjs","3","0"
"apps/web/src/app/(detail)/layout.tsx","2","1"
"apps/web/src/app/(detail)/movie/[id]/error.tsx","2","1"
"apps/web/src/app/(detail)/movie/[id]/loading.tsx","1","1"
"apps/web/src/app/(detail)/movie/[id]/page.tsx","17","4"
"apps/web/src/app/(site)/about/page.tsx","7","3"
"apps/web/src/app/(site)/accessibility/page.tsx","6","3"
"apps/web/src/app/(site)/cartoon/[id]/page.tsx","2","3"
"apps/web/src/app/(site)/cartoons/page.tsx","9","3"
"apps/web/src/app/(site)/categories/page.tsx","4","2"
"apps/web/src/app/(site)/contact/page.tsx","6","3"
"apps/web/src/app/(site)/cookies/page.tsx","6","3"
"apps/web/src/app/(site)/dmca/page.tsx","6","3"
"apps/web/src/app/(site)/entity/[slug]/page.tsx","9","4"
"apps/web/src/app/(site)/gdpr/page.tsx","6","3"
"apps/web/src/app/(site)/help/page.tsx","6","3"
"apps/web/src/app/(site)/layout.tsx","2","1"
"apps/web/src/app/(site)/login/page.tsx","4","2"
"apps/web/src/app/(site)/movies/category/[genre]/about/error.tsx","1","1"
"apps/web/src/app/(site)/movies/category/[genre]/about/loading.tsx","1","1"
"apps/web/src/app/(site)/movies/category/[genre]/about/page.tsx","11","3"
"apps/web/src/app/(site)/movies/category/[genre]/page.tsx","13","3"
"apps/web/src/app/(site)/movies/loading.tsx","1","1"
"apps/web/src/app/(site)/movies/page.tsx","11","3"
"apps/web/src/app/(site)/movies/random/page.tsx","5","3"
"apps/web/src/app/(site)/notifications/page.tsx","4","2"
"apps/web/src/app/(site)/page.tsx","10","3"
"apps/web/src/app/(site)/person/[id]/page.tsx","19","3"
"apps/web/src/app/(site)/privacy/page.tsx","6","3"
"apps/web/src/app/(site)/profile/page.tsx","4","2"
"apps/web/src/app/(site)/register/page.tsx","5","2"
"apps/web/src/app/(site)/search/page.tsx","8","3"
"apps/web/src/app/(site)/series/[id]/page.tsx","3","4"
"apps/web/src/app/(site)/series/page.tsx","9","3"
"apps/web/src/app/(site)/settings/page.tsx","6","3"
"apps/web/src/app/(site)/terms/page.tsx","6","3"
"apps/web/src/app/(site)/trailer/[id]/page.tsx","10","3"
"apps/web/src/app/(site)/tvshow/[id]/page.tsx","2","3"
"apps/web/src/app/(site)/tvshows/[id]/page.tsx","2","3"
"apps/web/src/app/(site)/tvshows/page.tsx","8","3"
"apps/web/src/app/(site)/ui-kit/layout.tsx","1","1"
"apps/web/src/app/(site)/ui-kit/page.tsx","9","2"
"apps/web/src/app/(site)/watchlist/page.tsx","4","2"
"apps/web/src/app/_shells/DetailShell.tsx","2","1"
"apps/web/src/app/_shells/SiteShell.tsx","4","1"
"apps/web/src/app/api/auth/[...nextauth]/route.ts","4","1"
"apps/web/src/app/api/cartoons-discover/route.ts","3","1"
"apps/web/src/app/api/discover/route.ts","3","1"
"apps/web/src/app/api/random-movie/route.ts","3","1"
"apps/web/src/app/api/revalidate/route.ts","3","2"
"apps/web/src/app/api/search/route.ts","2","1"
"apps/web/src/app/api/seo/indexnow/route.ts","3","2"
"apps/web/src/app/api/series-discover/route.ts","3","1"
"apps/web/src/app/api/tv/[id]/season/[seasonNumber]/route.ts","2","1"
"apps/web/src/app/api/tv/[id]/seasons/route.ts","2","1"
"apps/web/src/app/api/tvshows-discover/route.ts","3","1"
"apps/web/src/app/api/watchlist-items/route.ts","4","1"
"apps/web/src/app/api/watchlist-movies/route.ts","2","1"
"apps/web/src/app/error.tsx","2","1"
"apps/web/src/app/icon.tsx","1","3"
"apps/web/src/app/indexnow-key/route.ts","1","2"
"apps/web/src/app/layout.tsx","12","2"
"apps/web/src/app/llms.txt/route.ts","1","1"
"apps/web/src/app/loading.tsx","2","1"
"apps/web/src/app/manifest.ts","1","1"
"apps/web/src/app/not-found.tsx","3","2"
"apps/web/src/app/opengraph-image.tsx","2","5"
"apps/web/src/app/robots.ts","2","1"
"apps/web/src/app/sitemap.ts","6","3"
"apps/web/src/app/twitter-image.tsx","0","5"
"apps/web/src/classes/index.ts","0","1"
"apps/web/src/components/AppChrome/AppChrome.tsx","6","1"
"apps/web/src/components/AppChrome/DetailAppChrome.tsx","4","1"
"apps/web/src/components/BackToTop/BackToTop.tsx","3","1"
"apps/web/src/components/CardsGrid/CardsGrid.tsx","3","1"
"apps/web/src/components/CountrySelect/CountrySelect.tsx","4","1"
"apps/web/src/components/DeferredAppChrome/DeferredAppChrome.tsx","3","2"
"apps/web/src/components/DesignThemeProvider/DesignThemeProvider.tsx","3","1"
"apps/web/src/components/EmptyState/EmptyState.tsx","3","1"
"apps/web/src/components/FadeInView/FadeInView.tsx","1","1"
"apps/web/src/components/Footer/Footer.tsx","6","1"
"apps/web/src/components/Footer/FooterClient.tsx","5","6"
"apps/web/src/components/Header/Header.tsx","12","1"
"apps/web/src/components/Header/HeaderExtras.tsx","4","3"
"apps/web/src/components/Header/drawerSearch.utils.test.ts","2","0"
"apps/web/src/components/Header/drawerSearch.utils.ts","0","2"
"apps/web/src/components/HeroSection/HeroSection.tsx","6","1"
"apps/web/src/components/HomeDiscoverShelves/HomeDiscoverShelves.tsx","5","1"
"apps/web/src/components/HomeDiscoverShelves/HomeShelvesFallback.tsx","1","1"
"apps/web/src/components/HomeLcpPreloadLinks.tsx","2","1"
"apps/web/src/components/LegalDocument/LegalDocument.tsx","2","2"
"apps/web/src/components/LoginForm/LoginForm.tsx","7","1"
"apps/web/src/components/MediaCard/MediaCard.tsx","11","1"
"apps/web/src/components/MediaShelf/MediaShelf.tsx","7","1"
"apps/web/src/components/MediaShelf/MediaShelfSkeletonLight.tsx","2","1"
"apps/web/src/components/MosaicHeroLcpPreload.tsx","0","1"
"apps/web/src/components/MovieDetailPage/HeroLcpPreloadLinks.tsx","1","1"
"apps/web/src/components/MovieDetailPage/MovieCastSection.tsx","9","1"
"apps/web/src/components/MovieDetailPage/MovieCollectionSection.tsx","4","1"
"apps/web/src/components/MovieDetailPage/MovieComments.tsx","3","2"
"apps/web/src/components/MovieDetailPage/MovieCommentsRoot.client.tsx","3","1"
"apps/web/src/components/MovieDetailPage/MovieDetailBelowFoldDynamics.tsx","2","6"
"apps/web/src/components/MovieDetailPage/MovieDetailPage.tsx","20","2"
"apps/web/src/components/MovieDetailPage/MovieDetailPageLite.tsx","9","1"
"apps/web/src/components/MovieDetailPage/MovieDetailStreamedBelowFold.tsx","5","1"
"apps/web/src/components/MovieDetailPage/MovieDetailTvDynamics.tsx","2","1"
"apps/web/src/components/MovieDetailPage/MovieFaqAccordion.tsx","1","2"
"apps/web/src/components/MovieDetailPage/MovieHeroBackdropCarousel.tsx","4","2"
"apps/web/src/components/MovieDetailPage/MovieHeroBackdropImage.tsx","1","1"
"apps/web/src/components/MovieDetailPage/MovieHeroTrailerActions.tsx","6","1"
"apps/web/src/components/MovieDetailPage/MovieOverviewBlock.tsx","1","1"
"apps/web/src/components/MovieDetailPage/MoviePhotosSection.client.tsx","6","1"
"apps/web/src/components/MovieDetailPage/MoviePhotosSection.tsx","7","1"
"apps/web/src/components/MovieDetailPage/MoviePrimaryRatingsRow.tsx","3","1"
"apps/web/src/components/MovieDetailPage/MoviePrimarySummaryActions.tsx","7","1"
"apps/web/src/components/MovieDetailPage/MoviePrimarySummaryPanel.tsx","9","1"
"apps/web/src/components/MovieDetailPage/MovieShareButton.tsx","5","1"
"apps/web/src/components/MovieDetailPage/MovieSimilarRailCard.tsx","5","1"
"apps/web/src/components/MovieDetailPage/MovieTrailerBlock.client.tsx","5","1"
"apps/web/src/components/MovieDetailPage/MovieTrailerBlock.tsx","3","1"
"apps/web/src/components/MovieDetailPage/MovieUserRatingCard.tsx","2","1"
"apps/web/src/components/MovieDetailPage/MovieWatchProvidersPanel.tsx","6","1"
"apps/web/src/components/MovieDetailPage/TmdbLogoMark.tsx","0","1"
"apps/web/src/components/MovieDetailPage/movieTrailerEvents.ts","0","1"
"apps/web/src/components/MoviesDiscoverPage/MoviesDiscoverPage.tsx","6","1"
"apps/web/src/components/NavigationProgress/NavigationProgress.tsx","3","1"
"apps/web/src/components/PerformanceMonitor/PerformanceMonitor.tsx","1","1"
"apps/web/src/components/PerformanceMonitor/PerformanceMonitorClient.tsx","1","1"
"apps/web/src/components/PersonFilmography/PersonFilmography.tsx","6","1"
"apps/web/src/components/PersonFilmography/PersonFilmographyStream.tsx","2","1"
"apps/web/src/components/PersonPhotosRail/PersonPhotosRail.tsx","5","1"
"apps/web/src/components/PopularActorsShelf/PopularActorsShelf.tsx","10","1"
"apps/web/src/components/ProfilePage/ProfilePage.tsx","8","1"
"apps/web/src/components/Providers/SessionProvider.tsx","2","1"
"apps/web/src/components/RandomMoviePage/RandomMoviePage.tsx","8","1"
"apps/web/src/components/RegisterForm/RegisterForm.tsx","7","1"
"apps/web/src/components/Ripple/Ripple.tsx","3","1"
"apps/web/src/components/ScrollProgressBar/ScrollProgressBar.tsx","3","1"
"apps/web/src/components/SearchBar/SearchBar.tsx","6","1"
"apps/web/src/components/SearchPage/SearchPageClient.tsx","6","1"
"apps/web/src/components/ServiceWorkerRegistration.tsx","1","1"
"apps/web/src/components/ShelfRevealShell/ShelfRevealShell.tsx","1","1"
"apps/web/src/components/Toast/Toast.tsx","3","2"
"apps/web/src/components/TvSeriesEpisodes/TvSeriesEpisodes.tsx","4","1"
"apps/web/src/components/WatchlistPage/WatchlistPage.tsx","7","1"
"apps/web/src/components/WebPageJsonLd/WebPageJsonLd.tsx","1","1"
"apps/web/src/hooks/usePerformanceMonitor.ts","2","1"
"apps/web/src/hooks/usePrefersReducedMotion.ts","1","1"
"apps/web/src/lib/auth-client.ts","0","5"
"apps/web/src/lib/blurhashToDataUrl.ts","0","1"
"apps/web/src/lib/cachePolicy.test.ts","2","0"
"apps/web/src/lib/cachePolicy.ts","0","23"
"apps/web/src/lib/canonicalQuery.test.ts","2","0"
"apps/web/src/lib/canonicalQuery.ts","0","1"
"apps/web/src/lib/cartoonDetailRoute.tsx","15","2"
"apps/web/src/lib/cartoonsDiscoverCopy.ts","4","5"
"apps/web/src/lib/deviceTier.test.ts","2","0"
"apps/web/src/lib/deviceTier.ts","0","4"
"apps/web/src/lib/discoverCopyHelpers.ts","0","5"
"apps/web/src/lib/entitySearch.ts","0","4"
"apps/web/src/lib/imageSizes.ts","0","2"
"apps/web/src/lib/indexnowPipeline.test.ts","2","0"
"apps/web/src/lib/indexnowPipeline.ts","0","2"
"apps/web/src/lib/jsonLdEntity.ts","1","4"
"apps/web/src/lib/jsonLdPerson.ts","5","1"
"apps/web/src/lib/jsonLdSite.ts","2","5"
"apps/web/src/lib/localWatchlist.ts","1","8"
"apps/web/src/lib/movieGenreHubContent.ts","0","1"
"apps/web/src/lib/movieGenreRoute.ts","0","3"
"apps/web/src/lib/moviePageDataCache.ts","2","2"
"apps/web/src/lib/moviesDiscoverCopy.ts","5","5"
"apps/web/src/lib/personCredits.ts","2","1"
"apps/web/src/lib/personPageDataCache.ts","2","2"
"apps/web/src/lib/posterFaceFocalPoint.ts","0","2"
"apps/web/src/lib/rateLimit.test.ts","2","0"
"apps/web/src/lib/rateLimit.ts","0","2"
"apps/web/src/lib/seoConsistencyCore.test.ts","2","0"
"apps/web/src/lib/seoCrawlBudgetCore.test.ts","2","0"
"apps/web/src/lib/seoFreshness.ts","0","5"
"apps/web/src/lib/seoInternalLinksCore.test.ts","2","0"
"apps/web/src/lib/seoSnippetTemplates.ts","0","4"
"apps/web/src/lib/seoSocial.ts","2","2"
"apps/web/src/lib/seoTitles.ts","0","1"
"apps/web/src/lib/seriesDiscoverCopy.ts","4","5"
"apps/web/src/lib/site.ts","0","1"
"apps/web/src/lib/sitemapDiscoverUrls.ts","5","1"
"apps/web/src/lib/sitemapUtils.test.ts","2","0"
"apps/web/src/lib/sitemapUtils.ts","1","2"
"apps/web/src/lib/slug.test.ts","2","0"
"apps/web/src/lib/slug.ts","2","11"
"apps/web/src/lib/textScript.ts","0","1"
"apps/web/src/lib/tmdb.test.ts","2","0"
"apps/web/src/lib/tmdb.ts","3","85"
"apps/web/src/lib/tvSeriesDetailRoute.tsx","16","2"
"apps/web/src/lib/tvShowsDiscoverCopy.ts","4","5"
"apps/web/src/middleware.ts","2","2"
"apps/web/src/types/next-auth.d.ts","2","0"
"apps/web/tailwind.config.ts","3","1"
"eslint.config.mjs","3","1"
"packages/db/drizzle.config.ts","1","1"
"packages/db/src/index.ts","3","4"
"packages/db/src/schema/index.ts","1","18"
"packages/types/src/index.ts","0","1"
"packages/ui/src/components/Badge/Badge.animations.ts","0","1"
"packages/ui/src/components/Badge/Badge.tsx","3","1"
"packages/ui/src/components/Button/Button.animations.ts","0","1"
"packages/ui/src/components/Button/Button.tsx","6","2"
"packages/ui/src/components/Input/Input.animations.ts","0","1"
"packages/ui/src/components/Input/Input.tsx","4","1"
"packages/ui/src/components/Skeleton/Skeleton.tsx","1","1"
"packages/ui/src/types/css.d.ts","0","1"
"scripts/_migrate-auth-form-colors.mjs","1","0"
"scripts/generate-manifest.js","0","0"
"scripts/generate-token-classmaps.mjs","4","0"
"scripts/lighthouse-lcp.mjs","4","0"
"scripts/sync-figma-tokens.mjs","3","0"
"scripts/verify-tailwind-tokens.mjs","3","0"
"theme/tokens/classes.ts","2","10"
"theme/tokens/colors.ts","2","2"
"theme/tokens/dtcg.ts","0","2"
"theme/tokens/size.ts","2","25"
"tsconfig.root-check.ts","0","1"
